objectid,filename,creator,date,location_first_#NAME?,location_first_#NAME?,latitude_first,longitude_first,location_second_#NAME?,location_second_#NAME?,latitude_second,longitude_second,location_third_#NAME?,location_third_#NAME?,latitude_third,longitude_third,location_fourth_#NAME?,location_fourth_#NAME?,latitude_fourth,longitude_fourth,language,source,format,type,rights,rightsstatement,vimeoid,youtubeid,#NAME?,#NAME?,#NAME?,#NAME?,#NAME?,#NAME?,#NAME?,#NAME?,#NAME?,#NAME?,#NAME?,#NAME?,#NAME?,#NAME?,#NAME?,#NAME?,gender-strategy,#NAME?,#NAME?,#NAME?,#NAME?,#NAME?,#NAME?,#NAME?,#NAME?,#NAME?,#NAME?,#NAME?,#NAME?,#NAME?,#NAME?,#NAME?,#NAME?,#NAME?,#NAME?,#NAME?,#NAME?,#NAME?,#NAME?,#NAME?,#NAME?,#NAME?,#NAME?,#NAME?,#NAME?,#NAME?,#NAME?,#NAME?,#NAME?,LND_or_LNI,#NAME?,#NAME?,#NAME?,#NAME?,#NAME?,#NAME?,#NAME?,#NAME?,#NAME?,#NAME?,#NAME?,#NAME?,#NAME?,#NAME?,#NAME?,#NAME?,university-collection,parentid,image_thumb,embedding_webpage
maricocarmona1,,Infobae;Marico Carmona,2022,,,-34.6069527537592,-58.3946012217565,,,,,,,,,,,,,Spanish,Youtube,video/mp4,Video,open-access,,,P4wfvuD5xmY,¿QUÉ SON LAS PERSONAS NO BINARIAS?,¿QUÉ SON LAS PERSONAS NO BINARIAS?,Short video introducing non-binary language in Spanish and non-binary people.,,Argentina,Argentina,Pedagogical Material,Material pedagógico,¿QUÉ SON LAS PERSONAS NO BINARIAS?,¿QUÉ SON LAS PERSONAS NO BINARIAS?,Short video introducing non-binary language in Spanish and non-binary people.,,Argentina,Argentina,Pedagogical Material,Material pedagógico,letra-e,¿QUÉ SON LAS PERSONAS NO BINARIAS?,¿QUÉ SON LAS PERSONAS NO BINARIAS?,Short video introducing non-binary language in Spanish and non-binary people.,,Argentina,Argentina,Pedagogical Material,Material pedagógico,¿QUÉ SON LAS PERSONAS NO BINARIAS?,¿QUÉ SON LAS PERSONAS NO BINARIAS?,Short video introducing non-binary language in Spanish and non-binary people.,,Argentina,Argentina,Pedagogical Material,Material pedagógico,¿QUÉ SON LAS PERSONAS NO BINARIAS?,¿QUÉ SON LAS PERSONAS NO BINARIAS?,Short video introducing non-binary language in Spanish and non-binary people.,,Argentina,Argentina,Pedagogical Material,Material pedagógico,¿QUÉ SON LAS PERSONAS NO BINARIAS?,¿QUÉ SON LAS PERSONAS NO BINARIAS?,Short video introducing non-binary language in Spanish and non-binary people.,,Argentina,Argentina,Pedagogical Material,Material pedagógico,Direct Non-Binary Spanish,¿QUÉ SON LAS PERSONAS NO BINARIAS?,¿QUÉ SON LAS PERSONAS NO BINARIAS?,Short video introducing non-binary language in Spanish and non-binary people.,,Argentina,Argentina,Pedagogical Material,Material pedagógico,¿QUÉ SON LAS PERSONAS NO BINARIAS?,¿QUÉ SON LAS PERSONAS NO BINARIAS?,Short video introducing non-binary language in Spanish and non-binary people.,,Argentina,Argentina,Pedagogical Material,Material pedagógico,,,,
narrativasnobinarias,https://www.puntossuspensivosediciones.com.ar/productos/narrativas-no-binarias-testimonios-de-identidades-por-fuera-del-binario-heterocisexista-y-sus-interseccionalidades-florian-vives-comp1/?srsltid=AfmBOoplNTviJT6zR1o1-KBbVG7zgapQF5Def6RQLMUCK2SNbtS5lSig,Alas Alexis;Ama Boadiceas;capitanx cuir;Florián Vives (ed.);Kümelen Berti;Marcos Varela Dugo;Marlene Wayar;Nauhi Vega;Nói Urrutia-Nói Leber;SNC;Tegan Mai Guanco'Todes con DNI;Tuqui;Valentine Ayre Luy Machado;Violeta Alegre,2021,,,-34.6069527537592,-58.3946012217565,,,,,,,,,,,,,Spanish,Puntos Suspensivos Ediciones,application/html,Book,copyrighted,,,,Narrativas no binarias: Testimonios de identidades por fuera del binario heterocisexista y sus interseccionalidades.,Narrativas no binarias: Testimonios de identidades por fuera del binario heterocisexista y sus interseccionalidades.,Anthology containing texts made by trans and non-binary authors.,,Argentina,Argentina,Poetry;Narrative,Poesía;Narrativa,Narrativas no binarias: Testimonios de identidades por fuera del binario heterocisexista y sus interseccionalidades.,Narrativas no binarias: Testimonios de identidades por fuera del binario heterocisexista y sus interseccionalidades.,Anthology containing texts made by trans and non-binary authors.,,Argentina,Argentina,Poetry;Narrative,Poesía;Narrativa,letra-x;letra-e,Narrativas no binarias: Testimonios de identidades por fuera del binario heterocisexista y sus interseccionalidades.,Narrativas no binarias: Testimonios de identidades por fuera del binario heterocisexista y sus interseccionalidades.,Anthology containing texts made by trans and non-binary authors.,,Argentina,Argentina,Poetry;Narrative,Poesía;Narrativa,Narrativas no binarias: Testimonios de identidades por fuera del binario heterocisexista y sus interseccionalidades.,Narrativas no binarias: Testimonios de identidades por fuera del binario heterocisexista y sus interseccionalidades.,Anthology containing texts made by trans and non-binary authors.,,Argentina,Argentina,Poetry;Narrative,Poesía;Narrativa,Narrativas no binarias: Testimonios de identidades por fuera del binario heterocisexista y sus interseccionalidades.,Narrativas no binarias: Testimonios de identidades por fuera del binario heterocisexista y sus interseccionalidades.,Anthology containing texts made by trans and non-binary authors.,,Argentina,Argentina,Poetry;Narrative,Poesía;Narrativa,Narrativas no binarias: Testimonios de identidades por fuera del binario heterocisexista y sus interseccionalidades.,Narrativas no binarias: Testimonios de identidades por fuera del binario heterocisexista y sus interseccionalidades.,Anthology containing texts made by trans and non-binary authors.,,Argentina,Argentina,Poetry;Narrative,Poesía;Narrativa,Direct Non-Binary Spanish;Indirect Non-Binary Spanish,Narrativas no binarias: Testimonios de identidades por fuera del binario heterocisexista y sus interseccionalidades.,Narrativas no binarias: Testimonios de identidades por fuera del binario heterocisexista y sus interseccionalidades.,Anthology containing texts made by trans and non-binary authors.,,Argentina,Argentina,Poetry;Narrative,Poesía;Narrativa,Narrativas no binarias: Testimonios de identidades por fuera del binario heterocisexista y sus interseccionalidades.,Narrativas no binarias: Testimonios de identidades por fuera del binario heterocisexista y sus interseccionalidades.,Anthology containing texts made by trans and non-binary authors.,,Argentina,Argentina,Poetry;Narrative,Poesía;Narrativa,,,https://acdn-us.mitiendanube.com/stores/001/214/071/products/narr-tapa11-0c5b5c734cc194670a16364631780870-1024-1024.jpg,
furiatravesti,https://traficantes.net/libros/furia-travesti,Marlene Wayar,2021,,,-34.6069527537592,-58.3946012217565,,,,,,,,,,,,,Spanish,,application/html,Book,copyrighted,,,,Furia travesti: diccionario de la T a la T,Furia travesti: diccionario de la T a la T,Autotheory book experimenting with travesti epistemologies.,,Argentina,Argentina,Autobiography;Autotheory;Narrative;Manifesto,Autobiografía;Autoteoría;Narrativa;Manifiesto,Furia travesti: diccionario de la T a la T,Furia travesti: diccionario de la T a la T,Autotheory book experimenting with travesti epistemologies.,,Argentina,Argentina,Autobiography;Autotheory;Narrative;Manifesto,Autobiografía;Autoteoría;Narrativa;Manifiesto,letra-e,Furia travesti: diccionario de la T a la T,Furia travesti: diccionario de la T a la T,Autotheory book experimenting with travesti epistemologies.,,Argentina,Argentina,Autobiography;Autotheory;Narrative;Manifesto,Autobiografía;Autoteoría;Narrativa;Manifiesto,Furia travesti: diccionario de la T a la T,Furia travesti: diccionario de la T a la T,Autotheory book experimenting with travesti epistemologies.,,Argentina,Argentina,Autobiography;Autotheory;Narrative;Manifesto,Autobiografía;Autoteoría;Narrativa;Manifiesto,Furia travesti: diccionario de la T a la T,Furia travesti: diccionario de la T a la T,Autotheory book experimenting with travesti epistemologies.,,Argentina,Argentina,Autobiography;Autotheory;Narrative;Manifesto,Autobiografía;Autoteoría;Narrativa;Manifiesto,Furia travesti: diccionario de la T a la T,Furia travesti: diccionario de la T a la T,Autotheory book experimenting with travesti epistemologies.,,Argentina,Argentina,Autobiography;Autotheory;Narrative;Manifesto,Autobiografía;Autoteoría;Narrativa;Manifiesto,Direct Non-Binary Spanish;Indirect Non-Binary Spanish,Furia travesti: diccionario de la T a la T,Furia travesti: diccionario de la T a la T,Autotheory book experimenting with travesti epistemologies.,,Argentina,Argentina,Autobiography;Autotheory;Narrative;Manifesto,Autobiografía;Autoteoría;Narrativa;Manifiesto,Furia travesti: diccionario de la T a la T,Furia travesti: diccionario de la T a la T,Autotheory book experimenting with travesti epistemologies.,,Argentina,Argentina,Autobiography;Autotheory;Narrative;Manifesto,Autobiografía;Autoteoría;Narrativa;Manifiesto,,,https://acdn-us.mitiendanube.com/stores/895/946/products/furia-tra1-c468f37ffd538ae28116360338450369-1024-1024.jpg,
lamonjaalferez,https://www.cervantesvirtual.com/obra-visor/historia-de-la-monja-alferez/html/ff38d5be-82b1-11df-acc7-002185ce6064_10.html,Antonio de Erauso,1626,,,18.8354,-96.3964,,,,,,,,,,,,,Spanish,,application/html,Book,public domain,,,,Historia de la monja alférez,Historia de la monja alférez,"Memoir by the lieutenant Erauso, who lived as a nun before becoming a lieutenant. Erauso shift between the use of masculine and feminine grammatical gender to encompass their gender experience in Latin America. At times, Erauso completely ommits gender markers, shaping language to represent themselves. ",,Spain,Spain,Colonial Production;Narrative,Producción colonial;Narrativa,Historia de la monja alférez,Historia de la monja alférez,"Memoir by the lieutenant Erauso, who lived as a nun before becoming a lieutenant. Erauso shift between the use of masculine and feminine grammatical gender to encompass their gender experience in Latin America. At times, Erauso completely ommits gender markers, shaping language to represent themselves. ",,Spain,Spain,Colonial Production;Narrative,Producción colonial;Narrativa,,Historia de la monja alférez,Historia de la monja alférez,"Memoir by the lieutenant Erauso, who lived as a nun before becoming a lieutenant. Erauso shift between the use of masculine and feminine grammatical gender to encompass their gender experience in Latin America. At times, Erauso completely ommits gender markers, shaping language to represent themselves. ",,Spain,Spain,Colonial Production;Narrative,Producción colonial;Narrativa,Historia de la monja alférez,Historia de la monja alférez,"Memoir by the lieutenant Erauso, who lived as a nun before becoming a lieutenant. Erauso shift between the use of masculine and feminine grammatical gender to encompass their gender experience in Latin America. At times, Erauso completely ommits gender markers, shaping language to represent themselves. ",,Spain,Spain,Colonial Production;Narrative,Producción colonial;Narrativa,Historia de la monja alférez,Historia de la monja alférez,"Memoir by the lieutenant Erauso, who lived as a nun before becoming a lieutenant. Erauso shift between the use of masculine and feminine grammatical gender to encompass their gender experience in Latin America. At times, Erauso completely ommits gender markers, shaping language to represent themselves. ",,Spain,Spain,Colonial Production;Narrative,Producción colonial;Narrativa,Historia de la monja alférez,Historia de la monja alférez,"Memoir by the lieutenant Erauso, who lived as a nun before becoming a lieutenant. Erauso shift between the use of masculine and feminine grammatical gender to encompass their gender experience in Latin America. At times, Erauso completely ommits gender markers, shaping language to represent themselves. ",,Spain,Spain,Colonial Production;Narrative,Producción colonial;Narrativa,Indirect Non-Binary Spanish,Historia de la monja alférez,Historia de la monja alférez,"Memoir by the lieutenant Erauso, who lived as a nun before becoming a lieutenant. Erauso shift between the use of masculine and feminine grammatical gender to encompass their gender experience in Latin America. At times, Erauso completely ommits gender markers, shaping language to represent themselves. ",,Spain,Spain,Colonial Production;Narrative,Producción colonial;Narrativa,Historia de la monja alférez,Historia de la monja alférez,"Memoir by the lieutenant Erauso, who lived as a nun before becoming a lieutenant. Erauso shift between the use of masculine and feminine grammatical gender to encompass their gender experience in Latin America. At times, Erauso completely ommits gender markers, shaping language to represent themselves. ",,Spain,Spain,Colonial Production;Narrative,Producción colonial;Narrativa,,,https://www.cervantesvirtual.com/s3/BVMC_OBRAS/ff3/8d5/be8/2b1/11d/fac/c70/021/85c/e60/64/mimes/imagenes/ff38d5be-82b1-11df-acc7-002185ce6064_2.jpg,
mapamundi,objects/Mapamundi.pdf,Felipe Guamán Poma de Ayala,1615,,,-13.532,-71.9675,,,,,,,,,,,,,Spanish,,application/pdf,Book,public domain,,,,Mapa mundi del reino de las indias,Mapa mundi del reino de las indias,"Colonial map of Cusco, Peru (center of the Inca empire) from a mostly Andean cosmological perspective revealing complimentary depictions of personhood. The map supposedly has a gendered reading where there is an ""underworld"" of gender and sexual ambivalence, which has been described as lo masculino femenino and lo femenino masculino.",,Peru,Peru,Colonial Production;Map,Producción colonial;Mapa,Mapa mundi del reino de las indias,Mapa mundi del reino de las indias,"Colonial map of Cusco, Peru (center of the Inca empire) from a mostly Andean cosmological perspective revealing complimentary depictions of personhood. The map supposedly has a gendered reading where there is an ""underworld"" of gender and sexual ambivalence, which has been described as lo masculino femenino and lo femenino masculino.",,Peru,Peru,Colonial Production;Map,Producción colonial;Mapa,,Mapa mundi del reino de las indias,Mapa mundi del reino de las indias,"Colonial map of Cusco, Peru (center of the Inca empire) from a mostly Andean cosmological perspective revealing complimentary depictions of personhood. The map supposedly has a gendered reading where there is an ""underworld"" of gender and sexual ambivalence, which has been described as lo masculino femenino and lo femenino masculino.",,Peru,Peru,Colonial Production;Map,Producción colonial;Mapa,Mapa mundi del reino de las indias,Mapa mundi del reino de las indias,"Colonial map of Cusco, Peru (center of the Inca empire) from a mostly Andean cosmological perspective revealing complimentary depictions of personhood. The map supposedly has a gendered reading where there is an ""underworld"" of gender and sexual ambivalence, which has been described as lo masculino femenino and lo femenino masculino.",,Peru,Peru,Colonial Production;Map,Producción colonial;Mapa,Mapa mundi del reino de las indias,Mapa mundi del reino de las indias,"Colonial map of Cusco, Peru (center of the Inca empire) from a mostly Andean cosmological perspective revealing complimentary depictions of personhood. The map supposedly has a gendered reading where there is an ""underworld"" of gender and sexual ambivalence, which has been described as lo masculino femenino and lo femenino masculino.",,Peru,Peru,Colonial Production;Map,Producción colonial;Mapa,Mapa mundi del reino de las indias,Mapa mundi del reino de las indias,"Colonial map of Cusco, Peru (center of the Inca empire) from a mostly Andean cosmological perspective revealing complimentary depictions of personhood. The map supposedly has a gendered reading where there is an ""underworld"" of gender and sexual ambivalence, which has been described as lo masculino femenino and lo femenino masculino.",,Peru,Peru,Colonial Production;Map,Producción colonial;Mapa,,Mapa mundi del reino de las indias,Mapa mundi del reino de las indias,"Colonial map of Cusco, Peru (center of the Inca empire) from a mostly Andean cosmological perspective revealing complimentary depictions of personhood. The map supposedly has a gendered reading where there is an ""underworld"" of gender and sexual ambivalence, which has been described as lo masculino femenino and lo femenino masculino.",,Peru,Peru,Colonial Production;Map,Producción colonial;Mapa,Mapa mundi del reino de las indias,Mapa mundi del reino de las indias,"Colonial map of Cusco, Peru (center of the Inca empire) from a mostly Andean cosmological perspective revealing complimentary depictions of personhood. The map supposedly has a gendered reading where there is an ""underworld"" of gender and sexual ambivalence, which has been described as lo masculino femenino and lo femenino masculino.",,Peru,Peru,Colonial Production;Map,Producción colonial;Mapa,,,https://upload.wikimedia.org/wikipedia/commons/7/70/Dibujo_344._Mapa_Mundi_de_las_Indias_del_Perú%2C_con_la_división_cuatripartita_del_imperio_incaico_del_Tawantinsuyu.jpg,
michoacana,objects/Michocana.pdf,Maturino Gylberti,1558,,,19.5665,-101.7068,,,,,,,,,,,,,"Spanish, Michoacana",Primeros Libros,application/pdf,Book,public domain,,,,Vocabulario en la lengua castellana y mechuacana,Vocabulario en la lengua castellana y mechuacana,"Full text <a href=""https://primeroslibros.org/spotlight/primeros-libros-de-las-americas/catalog/faa2d9ca781242ec92dc6326db024d6c"">here</a>. Colonial dictionary of Michoacana written by a Spanish friar that describes the binary imposition placed on gendered bodies who supposedly display different gendered and/or presentational variations, as seen in the items ""muger varonil,"" ""muger que lo haze a otra,"" and ""ombre de grá nariz"".",,Mexico,Mexico,Colonial Production;Dictionary,Producción colonial;Diccionario,Vocabulario en la lengua castellana y mechuacana,Vocabulario en la lengua castellana y mechuacana,"Full text <a href=""https://primeroslibros.org/spotlight/primeros-libros-de-las-americas/catalog/faa2d9ca781242ec92dc6326db024d6c"">here</a>. Colonial dictionary of Michoacana written by a Spanish friar that describes the binary imposition placed on gendered bodies who supposedly display different gendered and/or presentational variations, as seen in the items ""muger varonil,"" ""muger que lo haze a otra,"" and ""ombre de grá nariz"".",,Mexico,Mexico,Colonial Production;Dictionary,Producción colonial;Diccionario,,Vocabulario en la lengua castellana y mechuacana,Vocabulario en la lengua castellana y mechuacana,"Full text <a href=""https://primeroslibros.org/spotlight/primeros-libros-de-las-americas/catalog/faa2d9ca781242ec92dc6326db024d6c"">here</a>. Colonial dictionary of Michoacana written by a Spanish friar that describes the binary imposition placed on gendered bodies who supposedly display different gendered and/or presentational variations, as seen in the items ""muger varonil,"" ""muger que lo haze a otra,"" and ""ombre de grá nariz"".",,Mexico,Mexico,Colonial Production;Dictionary,Producción colonial;Diccionario,Vocabulario en la lengua castellana y mechuacana,Vocabulario en la lengua castellana y mechuacana,"Full text <a href=""https://primeroslibros.org/spotlight/primeros-libros-de-las-americas/catalog/faa2d9ca781242ec92dc6326db024d6c"">here</a>. Colonial dictionary of Michoacana written by a Spanish friar that describes the binary imposition placed on gendered bodies who supposedly display different gendered and/or presentational variations, as seen in the items ""muger varonil,"" ""muger que lo haze a otra,"" and ""ombre de grá nariz"".",,Mexico,Mexico,Colonial Production;Dictionary,Producción colonial;Diccionario,Vocabulario en la lengua castellana y mechuacana,Vocabulario en la lengua castellana y mechuacana,"Full text <a href=""https://primeroslibros.org/spotlight/primeros-libros-de-las-americas/catalog/faa2d9ca781242ec92dc6326db024d6c"">here</a>. Colonial dictionary of Michoacana written by a Spanish friar that describes the binary imposition placed on gendered bodies who supposedly display different gendered and/or presentational variations, as seen in the items ""muger varonil,"" ""muger que lo haze a otra,"" and ""ombre de grá nariz"".",,Mexico,Mexico,Colonial Production;Dictionary,Producción colonial;Diccionario,Vocabulario en la lengua castellana y mechuacana,Vocabulario en la lengua castellana y mechuacana,"Full text <a href=""https://primeroslibros.org/spotlight/primeros-libros-de-las-americas/catalog/faa2d9ca781242ec92dc6326db024d6c"">here</a>. Colonial dictionary of Michoacana written by a Spanish friar that describes the binary imposition placed on gendered bodies who supposedly display different gendered and/or presentational variations, as seen in the items ""muger varonil,"" ""muger que lo haze a otra,"" and ""ombre de grá nariz"".",,Mexico,Mexico,Colonial Production;Dictionary,Producción colonial;Diccionario,,Vocabulario en la lengua castellana y mechuacana,Vocabulario en la lengua castellana y mechuacana,"Full text <a href=""https://primeroslibros.org/spotlight/primeros-libros-de-las-americas/catalog/faa2d9ca781242ec92dc6326db024d6c"">here</a>. Colonial dictionary of Michoacana written by a Spanish friar that describes the binary imposition placed on gendered bodies who supposedly display different gendered and/or presentational variations, as seen in the items ""muger varonil,"" ""muger que lo haze a otra,"" and ""ombre de grá nariz"".",,Mexico,Mexico,Colonial Production;Dictionary,Producción colonial;Diccionario,Vocabulario en la lengua castellana y mechuacana,Vocabulario en la lengua castellana y mechuacana,"Full text <a href=""https://primeroslibros.org/spotlight/primeros-libros-de-las-americas/catalog/faa2d9ca781242ec92dc6326db024d6c"">here</a>. Colonial dictionary of Michoacana written by a Spanish friar that describes the binary imposition placed on gendered bodies who supposedly display different gendered and/or presentational variations, as seen in the items ""muger varonil,"" ""muger que lo haze a otra,"" and ""ombre de grá nariz"".",,Mexico,Mexico,Colonial Production;Dictionary,Producción colonial;Diccionario,,,https://curio.lib.utexas.edu/assets/DAMS/pl/pl_7046b282-1324-45c6-b439-56eae953d5e5/TN/pl_7046b282-1324-45c6-b439-56eae953d5e5.jpg,
mixteco,objects/Mixteco.pdf,Francisco de Alvarado,1593,,,17.0732,-96.7266,,,,,,,,,,,,,"Spanish, Mixteco",Primeros Libros,application/pdf,Book,public domain,,,,Vocabulario en lengua misteca,Vocabulario en lengua misteca,"Full text <a href=""https://primeroslibros.org/spotlight/primeros-libros-de-las-americas/catalog/1150e8a34ec022a368a28ce3a4077d19"">here</a>. Colonial dictionary of the Mixteco language written by Spanish friars that demonstrates more evidence of the categorization of Indigenous people along binary gendered dimensions, as in the items ""mujer casta"" and ""muger carnal"". ",,Mexico,Mexico,Colonial Production;Dictionary,Producción colonial;Diccionario,Vocabulario en lengua misteca,Vocabulario en lengua misteca,"Full text <a href=""https://primeroslibros.org/spotlight/primeros-libros-de-las-americas/catalog/1150e8a34ec022a368a28ce3a4077d19"">here</a>. Colonial dictionary of the Mixteco language written by Spanish friars that demonstrates more evidence of the categorization of Indigenous people along binary gendered dimensions, as in the items ""mujer casta"" and ""muger carnal"". ",,Mexico,Mexico,Colonial Production;Dictionary,Producción colonial;Diccionario,,Vocabulario en lengua misteca,Vocabulario en lengua misteca,"Full text <a href=""https://primeroslibros.org/spotlight/primeros-libros-de-las-americas/catalog/1150e8a34ec022a368a28ce3a4077d19"">here</a>. Colonial dictionary of the Mixteco language written by Spanish friars that demonstrates more evidence of the categorization of Indigenous people along binary gendered dimensions, as in the items ""mujer casta"" and ""muger carnal"". ",,Mexico,Mexico,Colonial Production;Dictionary,Producción colonial;Diccionario,Vocabulario en lengua misteca,Vocabulario en lengua misteca,"Full text <a href=""https://primeroslibros.org/spotlight/primeros-libros-de-las-americas/catalog/1150e8a34ec022a368a28ce3a4077d19"">here</a>. Colonial dictionary of the Mixteco language written by Spanish friars that demonstrates more evidence of the categorization of Indigenous people along binary gendered dimensions, as in the items ""mujer casta"" and ""muger carnal"". ",,Mexico,Mexico,Colonial Production;Dictionary,Producción colonial;Diccionario,Vocabulario en lengua misteca,Vocabulario en lengua misteca,"Full text <a href=""https://primeroslibros.org/spotlight/primeros-libros-de-las-americas/catalog/1150e8a34ec022a368a28ce3a4077d19"">here</a>. Colonial dictionary of the Mixteco language written by Spanish friars that demonstrates more evidence of the categorization of Indigenous people along binary gendered dimensions, as in the items ""mujer casta"" and ""muger carnal"". ",,Mexico,Mexico,Colonial Production;Dictionary,Producción colonial;Diccionario,Vocabulario en lengua misteca,Vocabulario en lengua misteca,"Full text <a href=""https://primeroslibros.org/spotlight/primeros-libros-de-las-americas/catalog/1150e8a34ec022a368a28ce3a4077d19"">here</a>. Colonial dictionary of the Mixteco language written by Spanish friars that demonstrates more evidence of the categorization of Indigenous people along binary gendered dimensions, as in the items ""mujer casta"" and ""muger carnal"". ",,Mexico,Mexico,Colonial Production;Dictionary,Producción colonial;Diccionario,,Vocabulario en lengua misteca,Vocabulario en lengua misteca,"Full text <a href=""https://primeroslibros.org/spotlight/primeros-libros-de-las-americas/catalog/1150e8a34ec022a368a28ce3a4077d19"">here</a>. Colonial dictionary of the Mixteco language written by Spanish friars that demonstrates more evidence of the categorization of Indigenous people along binary gendered dimensions, as in the items ""mujer casta"" and ""muger carnal"". ",,Mexico,Mexico,Colonial Production;Dictionary,Producción colonial;Diccionario,Vocabulario en lengua misteca,Vocabulario en lengua misteca,"Full text <a href=""https://primeroslibros.org/spotlight/primeros-libros-de-las-americas/catalog/1150e8a34ec022a368a28ce3a4077d19"">here</a>. Colonial dictionary of the Mixteco language written by Spanish friars that demonstrates more evidence of the categorization of Indigenous people along binary gendered dimensions, as in the items ""mujer casta"" and ""muger carnal"". ",,Mexico,Mexico,Colonial Production;Dictionary,Producción colonial;Diccionario,,,https://curio.lib.utexas.edu/assets/DAMS/pl/pl_799941a8-7f91-49ac-b83a-620e63431a64/TN/pl_799941a8-7f91-49ac-b83a-620e63431a64.jpg,
meseguer,objects/GarciaMeseguer.pdf,Álvaro García Meseguer,1976,,,40.4737,-3.8684,,,,,,,,,,,,,Spanish,,application/pdf,Book,open-access,,,,Sexismo y lenguaje,Sexismo y lenguaje,"Early short essay from a Spanish engineer proposing the use of the -e morpheme for a new linguistic gender corresponding to 'person', including examples of its usage as attested in the present day.",,Spain,Spain,Academic Work,Trabajo académico,Sexismo y lenguaje,Sexismo y lenguaje,"Early short essay from a Spanish engineer proposing the use of the -e morpheme for a new linguistic gender corresponding to 'person', including examples of its usage as attested in the present day.",,Spain,Spain,Academic Work,Trabajo académico,letra-e,Sexismo y lenguaje,Sexismo y lenguaje,"Early short essay from a Spanish engineer proposing the use of the -e morpheme for a new linguistic gender corresponding to 'person', including examples of its usage as attested in the present day.",,Spain,Spain,Academic Work,Trabajo académico,Sexismo y lenguaje,Sexismo y lenguaje,"Early short essay from a Spanish engineer proposing the use of the -e morpheme for a new linguistic gender corresponding to 'person', including examples of its usage as attested in the present day.",,Spain,Spain,Academic Work,Trabajo académico,Sexismo y lenguaje,Sexismo y lenguaje,"Early short essay from a Spanish engineer proposing the use of the -e morpheme for a new linguistic gender corresponding to 'person', including examples of its usage as attested in the present day.",,Spain,Spain,Academic Work,Trabajo académico,Sexismo y lenguaje,Sexismo y lenguaje,"Early short essay from a Spanish engineer proposing the use of the -e morpheme for a new linguistic gender corresponding to 'person', including examples of its usage as attested in the present day.",,Spain,Spain,Academic Work,Trabajo académico,Direct Non-Binary Spanish,Sexismo y lenguaje,Sexismo y lenguaje,"Early short essay from a Spanish engineer proposing the use of the -e morpheme for a new linguistic gender corresponding to 'person', including examples of its usage as attested in the present day.",,Spain,Spain,Academic Work,Trabajo académico,Sexismo y lenguaje,Sexismo y lenguaje,"Early short essay from a Spanish engineer proposing the use of the -e morpheme for a new linguistic gender corresponding to 'person', including examples of its usage as attested in the present day.",,Spain,Spain,Academic Work,Trabajo académico,,,https://raw.githubusercontent.com/eugestumm/gender-inclusive-spanish-digital-archive/d671828042b50cc105601afe22347013991ca546/objects/GarciaMeseguer.jpg,
grupoanarquistapirexia,objects/GrupoAnarquistaPirexia.pdf,Grupo Anarquista Pirexia,2010,,,-34.61315,-58.37723,,,,,,,,,,,,,Spanish,,application/pdf,Book,open-access,,,,Nota al uso del lenguaje,Nota al uso del lenguaje,"Manifesto by the Spanish anarchist group Pirexia describing their logic behind the use of gender-inclusive language in their texts, discussing the pros and cons of possible gender-inclusive alternatives, and establishing the use of the -e morpheme throughout their writings. ",,Murcia;Spain,Murcia;Spain,Manifesto,Manifiesto,Nota al uso del lenguaje,Nota al uso del lenguaje,"Manifesto by the Spanish anarchist group Pirexia describing their logic behind the use of gender-inclusive language in their texts, discussing the pros and cons of possible gender-inclusive alternatives, and establishing the use of the -e morpheme throughout their writings. ",,Murcia;Spain,Murcia;Spain,Manifesto,Manifiesto,arroba;letra-x,Nota al uso del lenguaje,Nota al uso del lenguaje,"Manifesto by the Spanish anarchist group Pirexia describing their logic behind the use of gender-inclusive language in their texts, discussing the pros and cons of possible gender-inclusive alternatives, and establishing the use of the -e morpheme throughout their writings. ",,Murcia;Spain,Murcia;Spain,Manifesto,Manifiesto,Nota al uso del lenguaje,Nota al uso del lenguaje,"Manifesto by the Spanish anarchist group Pirexia describing their logic behind the use of gender-inclusive language in their texts, discussing the pros and cons of possible gender-inclusive alternatives, and establishing the use of the -e morpheme throughout their writings. ",,Murcia;Spain,Murcia;Spain,Manifesto,Manifiesto,Nota al uso del lenguaje,Nota al uso del lenguaje,"Manifesto by the Spanish anarchist group Pirexia describing their logic behind the use of gender-inclusive language in their texts, discussing the pros and cons of possible gender-inclusive alternatives, and establishing the use of the -e morpheme throughout their writings. ",,Murcia;Spain,Murcia;Spain,Manifesto,Manifiesto,Nota al uso del lenguaje,Nota al uso del lenguaje,"Manifesto by the Spanish anarchist group Pirexia describing their logic behind the use of gender-inclusive language in their texts, discussing the pros and cons of possible gender-inclusive alternatives, and establishing the use of the -e morpheme throughout their writings. ",,Murcia;Spain,Murcia;Spain,Manifesto,Manifiesto,Direct Non-Binary Spanish,Nota al uso del lenguaje,Nota al uso del lenguaje,"Manifesto by the Spanish anarchist group Pirexia describing their logic behind the use of gender-inclusive language in their texts, discussing the pros and cons of possible gender-inclusive alternatives, and establishing the use of the -e morpheme throughout their writings. ",,Murcia;Spain,Murcia;Spain,Manifesto,Manifiesto,Nota al uso del lenguaje,Nota al uso del lenguaje,"Manifesto by the Spanish anarchist group Pirexia describing their logic behind the use of gender-inclusive language in their texts, discussing the pros and cons of possible gender-inclusive alternatives, and establishing the use of the -e morpheme throughout their writings. ",,Murcia;Spain,Murcia;Spain,Manifesto,Manifiesto,,,https://raw.githubusercontent.com/eugestumm/gender-inclusive-spanish-digital-archive/4a20e1920d525cc7195f1f7d9f9fb8196afb037b/objects/GrupoAnarquistaPirexia.jpg,
laraicaza,objects/LaraIcaza.pdf,Garazi Lara Icaza,2014,,,40.4454,-3.7299,,,,,,,,,,,,,Spanish,,application/pdf,Book,open-access,,,,Proposición X. Género y sexo en el lenguaje escrito,Proposición X. Género y sexo en el lenguaje escrito,"Full text <a href=""https://repositorio.ciem.ucr.ac.cr/jspui/bitstream/123456789/274/1/RCIEM240.pdf"">here</a>. Master's thesis in Fine Arts that describes the use of the -x as a transfeminist artistic proposal to undermine the rigidity of the gender binary. ",,Spain,Spain,Manifesto,Manifiesto,Proposición X. Género y sexo en el lenguaje escrito,Proposición X. Género y sexo en el lenguaje escrito,"Full text <a href=""https://repositorio.ciem.ucr.ac.cr/jspui/bitstream/123456789/274/1/RCIEM240.pdf"">here</a>. Master's thesis in Fine Arts that describes the use of the -x as a transfeminist artistic proposal to undermine the rigidity of the gender binary. ",,Spain,Spain,Manifesto,Manifiesto,letra-x,Proposición X. Género y sexo en el lenguaje escrito,Proposición X. Género y sexo en el lenguaje escrito,"Full text <a href=""https://repositorio.ciem.ucr.ac.cr/jspui/bitstream/123456789/274/1/RCIEM240.pdf"">here</a>. Master's thesis in Fine Arts that describes the use of the -x as a transfeminist artistic proposal to undermine the rigidity of the gender binary. ",,Spain,Spain,Manifesto,Manifiesto,Proposición X. Género y sexo en el lenguaje escrito,Proposición X. Género y sexo en el lenguaje escrito,"Full text <a href=""https://repositorio.ciem.ucr.ac.cr/jspui/bitstream/123456789/274/1/RCIEM240.pdf"">here</a>. Master's thesis in Fine Arts that describes the use of the -x as a transfeminist artistic proposal to undermine the rigidity of the gender binary. ",,Spain,Spain,Manifesto,Manifiesto,Proposición X. Género y sexo en el lenguaje escrito,Proposición X. Género y sexo en el lenguaje escrito,"Full text <a href=""https://repositorio.ciem.ucr.ac.cr/jspui/bitstream/123456789/274/1/RCIEM240.pdf"">here</a>. Master's thesis in Fine Arts that describes the use of the -x as a transfeminist artistic proposal to undermine the rigidity of the gender binary. ",,Spain,Spain,Manifesto,Manifiesto,Proposición X. Género y sexo en el lenguaje escrito,Proposición X. Género y sexo en el lenguaje escrito,"Full text <a href=""https://repositorio.ciem.ucr.ac.cr/jspui/bitstream/123456789/274/1/RCIEM240.pdf"">here</a>. Master's thesis in Fine Arts that describes the use of the -x as a transfeminist artistic proposal to undermine the rigidity of the gender binary. ",,Spain,Spain,Manifesto,Manifiesto,Direct Non-Binary Spanish,Proposición X. Género y sexo en el lenguaje escrito,Proposición X. Género y sexo en el lenguaje escrito,"Full text <a href=""https://repositorio.ciem.ucr.ac.cr/jspui/bitstream/123456789/274/1/RCIEM240.pdf"">here</a>. Master's thesis in Fine Arts that describes the use of the -x as a transfeminist artistic proposal to undermine the rigidity of the gender binary. ",,Spain,Spain,Manifesto,Manifiesto,Proposición X. Género y sexo en el lenguaje escrito,Proposición X. Género y sexo en el lenguaje escrito,"Full text <a href=""https://repositorio.ciem.ucr.ac.cr/jspui/bitstream/123456789/274/1/RCIEM240.pdf"">here</a>. Master's thesis in Fine Arts that describes the use of the -x as a transfeminist artistic proposal to undermine the rigidity of the gender binary. ",,Spain,Spain,Manifesto,Manifiesto,,,https://raw.githubusercontent.com/eugestumm/gender-inclusive-spanish-digital-archive/1624d40308b6aa32b43912b98925076665bd5dd8/objects/Proposicio%CC%81nX.jpg,
amiguedatecuenta,https://leseditorial.com/libro/no-ficcion/amigue-date-cuenta/,Gabriel D’Artemius;Begoña Martínez Pagán,2024,,,37.98704,-1.13004,,,,,,,,,,,,,Spanish,Les Editorial,application/html,Book,copyrighted,,,,"Amigue, Date Cuenta: Por Qué, Cómo y para Qué Deberías Usar el Lenguaje No Binario","Amigue, Date Cuenta: Por Qué, Cómo y para Qué Deberías Usar el Lenguaje No Binario",Manual on how to use gender-inclusive language in Spanish.,,Murcia;Spain,Murcia;Spain,Pedagogical material,Material pedagógico,"Amigue, Date Cuenta: Por Qué, Cómo y para Qué Deberías Usar el Lenguaje No Binario","Amigue, Date Cuenta: Por Qué, Cómo y para Qué Deberías Usar el Lenguaje No Binario",Manual on how to use gender-inclusive language in Spanish.,,Murcia;Spain,Murcia;Spain,Pedagogical material,Material pedagógico,letra-e,"Amigue, Date Cuenta: Por Qué, Cómo y para Qué Deberías Usar el Lenguaje No Binario","Amigue, Date Cuenta: Por Qué, Cómo y para Qué Deberías Usar el Lenguaje No Binario",Manual on how to use gender-inclusive language in Spanish.,,Murcia;Spain,Murcia;Spain,Pedagogical material,Material pedagógico,"Amigue, Date Cuenta: Por Qué, Cómo y para Qué Deberías Usar el Lenguaje No Binario","Amigue, Date Cuenta: Por Qué, Cómo y para Qué Deberías Usar el Lenguaje No Binario",Manual on how to use gender-inclusive language in Spanish.,,Murcia;Spain,Murcia;Spain,Pedagogical material,Material pedagógico,"Amigue, Date Cuenta: Por Qué, Cómo y para Qué Deberías Usar el Lenguaje No Binario","Amigue, Date Cuenta: Por Qué, Cómo y para Qué Deberías Usar el Lenguaje No Binario",Manual on how to use gender-inclusive language in Spanish.,,Murcia;Spain,Murcia;Spain,Pedagogical material,Material pedagógico,"Amigue, Date Cuenta: Por Qué, Cómo y para Qué Deberías Usar el Lenguaje No Binario","Amigue, Date Cuenta: Por Qué, Cómo y para Qué Deberías Usar el Lenguaje No Binario",Manual on how to use gender-inclusive language in Spanish.,,Murcia;Spain,Murcia;Spain,Pedagogical material,Material pedagógico,Direct Non-Binary Spanish,"Amigue, Date Cuenta: Por Qué, Cómo y para Qué Deberías Usar el Lenguaje No Binario","Amigue, Date Cuenta: Por Qué, Cómo y para Qué Deberías Usar el Lenguaje No Binario",Manual on how to use gender-inclusive language in Spanish.,,Murcia;Spain,Murcia;Spain,Pedagogical material,Material pedagógico,"Amigue, Date Cuenta: Por Qué, Cómo y para Qué Deberías Usar el Lenguaje No Binario","Amigue, Date Cuenta: Por Qué, Cómo y para Qué Deberías Usar el Lenguaje No Binario",Manual on how to use gender-inclusive language in Spanish.,,Murcia;Spain,Murcia;Spain,Pedagogical material,Material pedagógico,,,https://leseditorial.com/wp-content/uploads/2024/05/AMIGUE-portada-WEB-1.jpg,
varela,https://www.u-topicas.com/libro/varela_15910,Tegan Mai Guanco,2022,,,-34.61315,-58.37723,,,,,,,,,,,,,Spanish,Puntos Suspensivos Ediciones,application/html,Book,copyrighted,,,,Varela,Varela,Anthology of poems by the trans author Tegan Mai Guanco.,,"Buenos Aires;Argentina
","Buenos Aires;Argentina
",Poetry,Poesía,Varela,Varela,Anthology of poems by the trans author Tegan Mai Guanco.,,"Buenos Aires;Argentina
","Buenos Aires;Argentina
",Poetry,Poesía,letra-x;letra-e,Varela,Varela,Anthology of poems by the trans author Tegan Mai Guanco.,,"Buenos Aires;Argentina
","Buenos Aires;Argentina
",Poetry,Poesía,Varela,Varela,Anthology of poems by the trans author Tegan Mai Guanco.,,"Buenos Aires;Argentina
","Buenos Aires;Argentina
",Poetry,Poesía,Varela,Varela,Anthology of poems by the trans author Tegan Mai Guanco.,,"Buenos Aires;Argentina
","Buenos Aires;Argentina
",Poetry,Poesía,Varela,Varela,Anthology of poems by the trans author Tegan Mai Guanco.,,"Buenos Aires;Argentina
","Buenos Aires;Argentina
",Poetry,Poesía,Direct Non-Binary Spanish,Varela,Varela,Anthology of poems by the trans author Tegan Mai Guanco.,,"Buenos Aires;Argentina
","Buenos Aires;Argentina
",Poetry,Poesía,Varela,Varela,Anthology of poems by the trans author Tegan Mai Guanco.,,"Buenos Aires;Argentina
","Buenos Aires;Argentina
",Poetry,Poesía,,,https://www.u-topicas.com/imagenes_grandes/9789878/978987842822.JPG,
loquepasaenlapiel,https://laninaazul.es/tienda/lo-que-pasa-en-la-piel/,Morgan Herbas Loureiro,2023,,,40.4165,-3.70256,,,,,,,,,,,,,Spanish,La Niña Azul,application/html,Book,copyrighted,,,,Lo que pasa en la piel,Lo que pasa en la piel,,,Madrid;Spain,Madrid;Spain,Narrative,Narrativa,Lo que pasa en la piel,Lo que pasa en la piel,,,Madrid;Spain,Madrid;Spain,Narrative,Narrativa,,Lo que pasa en la piel,Lo que pasa en la piel,,,Madrid;Spain,Madrid;Spain,Narrative,Narrativa,Lo que pasa en la piel,Lo que pasa en la piel,,,Madrid;Spain,Madrid;Spain,Narrative,Narrativa,Lo que pasa en la piel,Lo que pasa en la piel,,,Madrid;Spain,Madrid;Spain,Narrative,Narrativa,Lo que pasa en la piel,Lo que pasa en la piel,,,Madrid;Spain,Madrid;Spain,Narrative,Narrativa,Direct Non-Binary Spanish,Lo que pasa en la piel,Lo que pasa en la piel,,,Madrid;Spain,Madrid;Spain,Narrative,Narrativa,Lo que pasa en la piel,Lo que pasa en la piel,,,Madrid;Spain,Madrid;Spain,Narrative,Narrativa,,,https://www.libreriaberkana.com/media/img/portadas/lo-que-pasa-en-la-piel_9788412356373.png,
laconspiraciondelxsninxs,https://editorialcactus.com.ar/wp-content/uploads/2023/08/Camille-Louis-La-conspiracion-de-lxs-ninxs-ADELANTO.pdf,Camille Louis,2023,,,46.22764,2.21375,,,,,,,,,,,,,Spanish,Cactus,application/pdf,Book,copyrighted,,,,La conspiración de lxs niñxs,La conspiración de lxs niñxs,"Originally written with the gender-inclusive title ""La conspiration des enfants,"" the translator from Spain utilized Direct Non-Binary Spanish to translate the work.",,France;Spain,France;Spain,Narrative,Narrativa,La conspiración de lxs niñxs,La conspiración de lxs niñxs,"Originally written with the gender-inclusive title ""La conspiration des enfants,"" the translator from Spain utilized Direct Non-Binary Spanish to translate the work.",,France;Spain,France;Spain,Narrative,Narrativa,letra-x,La conspiración de lxs niñxs,La conspiración de lxs niñxs,"Originally written with the gender-inclusive title ""La conspiration des enfants,"" the translator from Spain utilized Direct Non-Binary Spanish to translate the work.",,France;Spain,France;Spain,Narrative,Narrativa,La conspiración de lxs niñxs,La conspiración de lxs niñxs,"Originally written with the gender-inclusive title ""La conspiration des enfants,"" the translator from Spain utilized Direct Non-Binary Spanish to translate the work.",,France;Spain,France;Spain,Narrative,Narrativa,La conspiración de lxs niñxs,La conspiración de lxs niñxs,"Originally written with the gender-inclusive title ""La conspiration des enfants,"" the translator from Spain utilized Direct Non-Binary Spanish to translate the work.",,France;Spain,France;Spain,Narrative,Narrativa,La conspiración de lxs niñxs,La conspiración de lxs niñxs,"Originally written with the gender-inclusive title ""La conspiration des enfants,"" the translator from Spain utilized Direct Non-Binary Spanish to translate the work.",,France;Spain,France;Spain,Narrative,Narrativa,Direct Non-Binary Spanish,La conspiración de lxs niñxs,La conspiración de lxs niñxs,"Originally written with the gender-inclusive title ""La conspiration des enfants,"" the translator from Spain utilized Direct Non-Binary Spanish to translate the work.",,France;Spain,France;Spain,Narrative,Narrativa,La conspiración de lxs niñxs,La conspiración de lxs niñxs,"Originally written with the gender-inclusive title ""La conspiration des enfants,"" the translator from Spain utilized Direct Non-Binary Spanish to translate the work.",,France;Spain,France;Spain,Narrative,Narrativa,,,https://editorialcactus.com.ar/wp-content/uploads/2023/08/120.jpg,
antologiadepoesiat,https://www.puntossuspensivosediciones.com.ar/productos/antologia-de-poesia-trava-trans-no-binarie/,Ese Lx Negrx;Blas Radi,2019,,,-34.61315,-58.37723,,,,,,,,,,,,,Spanish,Puntos Suspensivos Ediciones,application/html,Book,copyrighted,,,,Antología de poesía trava/trans*/no binarie,Antología de poesía trava/trans*/no binarie,Anthology of poems written by trans and non-binary authors.,,"Buenos Aires;Argentina
","Buenos Aires;Argentina
",Poetry;Narrative,Poesía;Narrativa,Antología de poesía trava/trans*/no binarie,Antología de poesía trava/trans*/no binarie,Anthology of poems written by trans and non-binary authors.,,"Buenos Aires;Argentina
","Buenos Aires;Argentina
",Poetry;Narrative,Poesía;Narrativa,letra-x;letra-e,Antología de poesía trava/trans*/no binarie,Antología de poesía trava/trans*/no binarie,Anthology of poems written by trans and non-binary authors.,,"Buenos Aires;Argentina
","Buenos Aires;Argentina
",Poetry;Narrative,Poesía;Narrativa,Antología de poesía trava/trans*/no binarie,Antología de poesía trava/trans*/no binarie,Anthology of poems written by trans and non-binary authors.,,"Buenos Aires;Argentina
","Buenos Aires;Argentina
",Poetry;Narrative,Poesía;Narrativa,Antología de poesía trava/trans*/no binarie,Antología de poesía trava/trans*/no binarie,Anthology of poems written by trans and non-binary authors.,,"Buenos Aires;Argentina
","Buenos Aires;Argentina
",Poetry;Narrative,Poesía;Narrativa,Antología de poesía trava/trans*/no binarie,Antología de poesía trava/trans*/no binarie,Anthology of poems written by trans and non-binary authors.,,"Buenos Aires;Argentina
","Buenos Aires;Argentina
",Poetry;Narrative,Poesía;Narrativa,Direct Non-Binary Spanish;Indirect Non-Binary Spanish,Antología de poesía trava/trans*/no binarie,Antología de poesía trava/trans*/no binarie,Anthology of poems written by trans and non-binary authors.,,"Buenos Aires;Argentina
","Buenos Aires;Argentina
",Poetry;Narrative,Poesía;Narrativa,Antología de poesía trava/trans*/no binarie,Antología de poesía trava/trans*/no binarie,Anthology of poems written by trans and non-binary authors.,,"Buenos Aires;Argentina
","Buenos Aires;Argentina
",Poetry;Narrative,Poesía;Narrativa,,,https://images-na.ssl-images-amazon.com/images/S/compressed.photo.goodreads.com/books/1629227822i/58795754.jpg,
vikingabonsai,https://eternacadencia.com.ar/blog/vikinga-bonsai-?srsltid=AfmBOorao1NJOiwAlmkR4112CE2rBjZECAqmtbSaEJt-iKN7HpE9IJPV,Ana Ojeda,2019,,,-34.61315,-58.37723,,,,,,,,,,,,,Spanish,Puntos Suspensivos Ediciones,application/html,Book,copyrighted,,,,Vikinga Bonsái,Vikinga Bonsái,"Argentinian novel, often referred to as the first novel in gender-inclusive Spanish.",,"Buenos Aires;Argentina
","Buenos Aires;Argentina
",Narrative,Narrativa,Vikinga Bonsái,Vikinga Bonsái,"Argentinian novel, often referred to as the first novel in gender-inclusive Spanish.",,"Buenos Aires;Argentina
","Buenos Aires;Argentina
",Narrative,Narrativa,letra-e,Vikinga Bonsái,Vikinga Bonsái,"Argentinian novel, often referred to as the first novel in gender-inclusive Spanish.",,"Buenos Aires;Argentina
","Buenos Aires;Argentina
",Narrative,Narrativa,Vikinga Bonsái,Vikinga Bonsái,"Argentinian novel, often referred to as the first novel in gender-inclusive Spanish.",,"Buenos Aires;Argentina
","Buenos Aires;Argentina
",Narrative,Narrativa,Vikinga Bonsái,Vikinga Bonsái,"Argentinian novel, often referred to as the first novel in gender-inclusive Spanish.",,"Buenos Aires;Argentina
","Buenos Aires;Argentina
",Narrative,Narrativa,Vikinga Bonsái,Vikinga Bonsái,"Argentinian novel, often referred to as the first novel in gender-inclusive Spanish.",,"Buenos Aires;Argentina
","Buenos Aires;Argentina
",Narrative,Narrativa,Direct Non-Binary Spanish,Vikinga Bonsái,Vikinga Bonsái,"Argentinian novel, often referred to as the first novel in gender-inclusive Spanish.",,"Buenos Aires;Argentina
","Buenos Aires;Argentina
",Narrative,Narrativa,Vikinga Bonsái,Vikinga Bonsái,"Argentinian novel, often referred to as the first novel in gender-inclusive Spanish.",,"Buenos Aires;Argentina
","Buenos Aires;Argentina
",Narrative,Narrativa,,,https://cdn.luna.com.uy/eternacadencia.com.ar/files/tmp/compressed/normal/y4ian9nutn13vzltw75s.jpg,
futuroproblema,https://www.elementodisruptivo.com.ar/ninxs-de-los-90/futuro-problema-marico-carmona,Marico Carmona,2019,,,-34.61315,-58.37723,,,,,,,,,,,,,Spanish,,application/html,Book,copyrighted,,,,Futuro problema,Futuro problema,Poetry book featuring direct non-binary Spanish.,,Buenos Aires;Argentina,Buenos Aires;Argentina,Narrative,Narrativa,Futuro problema,Futuro problema,Poetry book featuring direct non-binary Spanish.,,Buenos Aires;Argentina,Buenos Aires;Argentina,Narrative,Narrativa,letra-e,Futuro problema,Futuro problema,Poetry book featuring direct non-binary Spanish.,,Buenos Aires;Argentina,Buenos Aires;Argentina,Narrative,Narrativa,Futuro problema,Futuro problema,Poetry book featuring direct non-binary Spanish.,,Buenos Aires;Argentina,Buenos Aires;Argentina,Narrative,Narrativa,Futuro problema,Futuro problema,Poetry book featuring direct non-binary Spanish.,,Buenos Aires;Argentina,Buenos Aires;Argentina,Narrative,Narrativa,Futuro problema,Futuro problema,Poetry book featuring direct non-binary Spanish.,,Buenos Aires;Argentina,Buenos Aires;Argentina,Narrative,Narrativa,Direct Non-Binary Spanish,Futuro problema,Futuro problema,Poetry book featuring direct non-binary Spanish.,,Buenos Aires;Argentina,Buenos Aires;Argentina,Narrative,Narrativa,Futuro problema,Futuro problema,Poetry book featuring direct non-binary Spanish.,,Buenos Aires;Argentina,Buenos Aires;Argentina,Narrative,Narrativa,,,https://d22fxaf9t8d39k.cloudfront.net/346feb2d0fe9ef18050fb526f99dab158acccf0b13c05de4ea586ad039bbca3d17493.png,
prometofallar,https://www.puntossuspensivosediciones.com.ar/productos/prometo-fallar-de-marico-carmona-ebook/?srsltid=AfmBOopBFu6u3Krh8tDKU4pz1ELLahn130SdRmiEk6Jr14NAu4bTQ5ip,Marico Carmona,2022,,,-34.61315,-58.37723,,,,,,,,,,,,,Spanish,,application/html,Book,copyrighted,,,,Prometo fallar,Prometo fallar,Poetry book featuring direct non-binary Spanish.,,"Buenos Aires;Argentina
","Buenos Aires;Argentina
",Poetry,Poesía,Prometo fallar,Prometo fallar,Poetry book featuring direct non-binary Spanish.,,"Buenos Aires;Argentina
","Buenos Aires;Argentina
",Poetry,Poesía,letra-e,Prometo fallar,Prometo fallar,Poetry book featuring direct non-binary Spanish.,,"Buenos Aires;Argentina
","Buenos Aires;Argentina
",Poetry,Poesía,Prometo fallar,Prometo fallar,Poetry book featuring direct non-binary Spanish.,,"Buenos Aires;Argentina
","Buenos Aires;Argentina
",Poetry,Poesía,Prometo fallar,Prometo fallar,Poetry book featuring direct non-binary Spanish.,,"Buenos Aires;Argentina
","Buenos Aires;Argentina
",Poetry,Poesía,Prometo fallar,Prometo fallar,Poetry book featuring direct non-binary Spanish.,,"Buenos Aires;Argentina
","Buenos Aires;Argentina
",Poetry,Poesía,Direct Non-Binary Spanish,Prometo fallar,Prometo fallar,Poetry book featuring direct non-binary Spanish.,,"Buenos Aires;Argentina
","Buenos Aires;Argentina
",Poetry,Poesía,Prometo fallar,Prometo fallar,Poetry book featuring direct non-binary Spanish.,,"Buenos Aires;Argentina
","Buenos Aires;Argentina
",Poetry,Poesía,,,https://raw.githubusercontent.com/eugestumm/gender-inclusive-spanish-digital-archive/01a3319240d3f94f34ab95f59476a28b1b5e58fe/objects/prometofallar.jpg,
martesverde,https://desarquivo.org/sites/default/files/martesverdefederaldigital.pdf,Poetas por el Derecho al Aborto Legal,2018,,,-34.6069,-58.3946,,,,,,,,,,,,,Spanish,,application/pdf,Book,open-access,,,,Martes Verde,Martes Verde,Poetry anthology containing poems read during the 2018's protests in Argentina for reproductive rights. ,,Argentina,Argentina,Poetry,Poesía,Martes Verde,Martes Verde,Poetry anthology containing poems read during the 2018's protests in Argentina for reproductive rights. ,,Argentina,Argentina,Poetry,Poesía,letra-e;letra-x,Martes Verde,Martes Verde,Poetry anthology containing poems read during the 2018's protests in Argentina for reproductive rights. ,,Argentina,Argentina,Poetry,Poesía,Martes Verde,Martes Verde,Poetry anthology containing poems read during the 2018's protests in Argentina for reproductive rights. ,,Argentina,Argentina,Poetry,Poesía,Martes Verde,Martes Verde,Poetry anthology containing poems read during the 2018's protests in Argentina for reproductive rights. ,,Argentina,Argentina,Poetry,Poesía,Martes Verde,Martes Verde,Poetry anthology containing poems read during the 2018's protests in Argentina for reproductive rights. ,,Argentina,Argentina,Poetry,Poesía,Direct Non-Binary Spanish;Indirect Non-Binary Spanish,Martes Verde,Martes Verde,Poetry anthology containing poems read during the 2018's protests in Argentina for reproductive rights. ,,Argentina,Argentina,Poetry,Poesía,Martes Verde,Martes Verde,Poetry anthology containing poems read during the 2018's protests in Argentina for reproductive rights. ,,Argentina,Argentina,Poetry,Poesía,,,https://m.media-amazon.com/images/S/compressed.photo.goodreads.com/books/1540571611i/42443677.jpg,
sorjuanasonetos,https://www.cervantesvirtual.com/obra-visor/sonetos--2/html/61493946-8375-479f-b217-2becd410b790_2.html#I_9_,Sor Juana Inés de la Cruz,1695,,,19.0274,-98.8225,,,,,,,,,,,,,,Biblioteca Virtual Miguel de Cervantes,application/html,Book,public domain,,,,Sonetos,Sonetos,"1695 is the date of her death, the edited volume was published in 2006. ",,Mexico,Mexico,Colonial Production,Producción colonial,Sonetos,Sonetos,"1695 is the date of her death, the edited volume was published in 2006. ",,Mexico,Mexico,Colonial Production,Producción colonial,,Sonetos,Sonetos,"1695 is the date of her death, the edited volume was published in 2006. ",,Mexico,Mexico,Colonial Production,Producción colonial,Sonetos,Sonetos,"1695 is the date of her death, the edited volume was published in 2006. ",,Mexico,Mexico,Colonial Production,Producción colonial,Sonetos,Sonetos,"1695 is the date of her death, the edited volume was published in 2006. ",,Mexico,Mexico,Colonial Production,Producción colonial,Sonetos,Sonetos,"1695 is the date of her death, the edited volume was published in 2006. ",,Mexico,Mexico,Colonial Production,Producción colonial,Indirect Non-Binary Spanish,Sonetos,Sonetos,"1695 is the date of her death, the edited volume was published in 2006. ",,Mexico,Mexico,Colonial Production,Producción colonial,Sonetos,Sonetos,"1695 is the date of her death, the edited volume was published in 2006. ",,Mexico,Mexico,Colonial Production,Producción colonial,,,https://raw.githubusercontent.com/eugestumm/gender-inclusive-spanish-digital-archive/77d582bbca1f4877ba20f5d2850b8ae9977c237a/objects/sorjuana.jpg,
acostamatos,https://academicworks.cuny.edu/cgi/viewcontent.cgi?article=2045&context=cc_pubs,Mariel Mercedes Acosta Matos,2018,,,40.748,-73.984,,,,,,,,,,,,,,Anarchist Developments in Cultural Studies,application/pdf,Academic Article,open-access,,,,Graphic Representations of Grammatical Gender in Spanish Language Anarchist Publications,Graphic Representations of Grammatical Gender in Spanish Language Anarchist Publications,Article analyzing how anarchist Spanish publications used visual and grammatical strategies to challenge gender binaries.,,United States,United States,Academic Work,Trabajo académico,Graphic Representations of Grammatical Gender in Spanish Language Anarchist Publications,Graphic Representations of Grammatical Gender in Spanish Language Anarchist Publications,Article analyzing how anarchist Spanish publications used visual and grammatical strategies to challenge gender binaries.,,United States,United States,Academic Work,Trabajo académico,letra-x;arroba;letra-e,Graphic Representations of Grammatical Gender in Spanish Language Anarchist Publications,Graphic Representations of Grammatical Gender in Spanish Language Anarchist Publications,Article analyzing how anarchist Spanish publications used visual and grammatical strategies to challenge gender binaries.,,United States,United States,Academic Work,Trabajo académico,Graphic Representations of Grammatical Gender in Spanish Language Anarchist Publications,Graphic Representations of Grammatical Gender in Spanish Language Anarchist Publications,Article analyzing how anarchist Spanish publications used visual and grammatical strategies to challenge gender binaries.,,United States,United States,Academic Work,Trabajo académico,Graphic Representations of Grammatical Gender in Spanish Language Anarchist Publications,Graphic Representations of Grammatical Gender in Spanish Language Anarchist Publications,Article analyzing how anarchist Spanish publications used visual and grammatical strategies to challenge gender binaries.,,United States,United States,Academic Work,Trabajo académico,Graphic Representations of Grammatical Gender in Spanish Language Anarchist Publications,Graphic Representations of Grammatical Gender in Spanish Language Anarchist Publications,Article analyzing how anarchist Spanish publications used visual and grammatical strategies to challenge gender binaries.,,United States,United States,Academic Work,Trabajo académico,Direct Non-Binary Spanish,Graphic Representations of Grammatical Gender in Spanish Language Anarchist Publications,Graphic Representations of Grammatical Gender in Spanish Language Anarchist Publications,Article analyzing how anarchist Spanish publications used visual and grammatical strategies to challenge gender binaries.,,United States,United States,Academic Work,Trabajo académico,Graphic Representations of Grammatical Gender in Spanish Language Anarchist Publications,Graphic Representations of Grammatical Gender in Spanish Language Anarchist Publications,Article analyzing how anarchist Spanish publications used visual and grammatical strategies to challenge gender binaries.,,United States,United States,Academic Work,Trabajo académico,,,https://i1.rgstatic.net/publication/327219834_Graphic_Representations_of_Grammatical_Gender_in_Spanish_Language_Anarchist_Publications/links/5b80c51ca6fdcc5f8b65905b/largepreview.png,
bortoli,https://doi.org/10.53971/2718.658x.v13.n22.39628,Pamela V. Bórtoli,2022,,,-34.6069,-58.3946,,,,,,,,,,,,,,Recial,application/html,Academic Article,,,,,Lenguaje no binario en las aulas: lo disruptivo de la emergencia social frente al poder de la norma,Lenguaje no binario en las aulas: lo disruptivo de la emergencia social frente al poder de la norma,Paper exploring how non-binary language challenges institutional norms within classrooms in Argentina.,,Argentina,Argentina,Academic Work;Pedagogical material,Trabajo académico;Material pedagógico,Lenguaje no binario en las aulas: lo disruptivo de la emergencia social frente al poder de la norma,Lenguaje no binario en las aulas: lo disruptivo de la emergencia social frente al poder de la norma,Paper exploring how non-binary language challenges institutional norms within classrooms in Argentina.,,Argentina,Argentina,Academic Work;Pedagogical material,Trabajo académico;Material pedagógico,asterisco;letra-x;letra-e,Lenguaje no binario en las aulas: lo disruptivo de la emergencia social frente al poder de la norma,Lenguaje no binario en las aulas: lo disruptivo de la emergencia social frente al poder de la norma,Paper exploring how non-binary language challenges institutional norms within classrooms in Argentina.,,Argentina,Argentina,Academic Work;Pedagogical material,Trabajo académico;Material pedagógico,Lenguaje no binario en las aulas: lo disruptivo de la emergencia social frente al poder de la norma,Lenguaje no binario en las aulas: lo disruptivo de la emergencia social frente al poder de la norma,Paper exploring how non-binary language challenges institutional norms within classrooms in Argentina.,,Argentina,Argentina,Academic Work;Pedagogical material,Trabajo académico;Material pedagógico,Lenguaje no binario en las aulas: lo disruptivo de la emergencia social frente al poder de la norma,Lenguaje no binario en las aulas: lo disruptivo de la emergencia social frente al poder de la norma,Paper exploring how non-binary language challenges institutional norms within classrooms in Argentina.,,Argentina,Argentina,Academic Work;Pedagogical material,Trabajo académico;Material pedagógico,Lenguaje no binario en las aulas: lo disruptivo de la emergencia social frente al poder de la norma,Lenguaje no binario en las aulas: lo disruptivo de la emergencia social frente al poder de la norma,Paper exploring how non-binary language challenges institutional norms within classrooms in Argentina.,,Argentina,Argentina,Academic Work;Pedagogical material,Trabajo académico;Material pedagógico,Direct Non-Binary Spanish; Pedagogy,Lenguaje no binario en las aulas: lo disruptivo de la emergencia social frente al poder de la norma,Lenguaje no binario en las aulas: lo disruptivo de la emergencia social frente al poder de la norma,Paper exploring how non-binary language challenges institutional norms within classrooms in Argentina.,,Argentina,Argentina,Academic Work;Pedagogical material,Trabajo académico;Material pedagógico,Lenguaje no binario en las aulas: lo disruptivo de la emergencia social frente al poder de la norma,Lenguaje no binario en las aulas: lo disruptivo de la emergencia social frente al poder de la norma,Paper exploring how non-binary language challenges institutional norms within classrooms in Argentina.,,Argentina,Argentina,Academic Work;Pedagogical material,Trabajo académico;Material pedagógico,,,https://raw.githubusercontent.com/eugestumm/gender-inclusive-spanish-digital-archive/77d582bbca1f4877ba20f5d2850b8ae9977c237a/objects/Bortoli.jpg,
cuba,https://academicworks.cuny.edu/gc_etds/5925,Ernesto Cuba,2024,,,-12.0464,-77.0428,,,,,,,,,,,,,,CUNY Academic Works,application/html,Dissertation,open-access,,,,"Féminas Speaking Up: Three Papers on Feminine Transgender Identities, Gender Identity Activism, and Language Reform in Lima, Peru","Féminas Speaking Up: Three Papers on Feminine Transgender Identities, Gender Identity Activism, and Language Reform in Lima, Peru",Doctoral dissertation examining trans and non-binary activism through the cryptolect Lóxoro and inclusive language in Peru.,,Peru,Peru,Academic Work,Trabajo académico,"Féminas Speaking Up: Three Papers on Feminine Transgender Identities, Gender Identity Activism, and Language Reform in Lima, Peru","Féminas Speaking Up: Three Papers on Feminine Transgender Identities, Gender Identity Activism, and Language Reform in Lima, Peru",Doctoral dissertation examining trans and non-binary activism through the cryptolect Lóxoro and inclusive language in Peru.,,Peru,Peru,Academic Work,Trabajo académico,letra-x;letra-e,"Féminas Speaking Up: Three Papers on Feminine Transgender Identities, Gender Identity Activism, and Language Reform in Lima, Peru","Féminas Speaking Up: Three Papers on Feminine Transgender Identities, Gender Identity Activism, and Language Reform in Lima, Peru",Doctoral dissertation examining trans and non-binary activism through the cryptolect Lóxoro and inclusive language in Peru.,,Peru,Peru,Academic Work,Trabajo académico,"Féminas Speaking Up: Three Papers on Feminine Transgender Identities, Gender Identity Activism, and Language Reform in Lima, Peru","Féminas Speaking Up: Three Papers on Feminine Transgender Identities, Gender Identity Activism, and Language Reform in Lima, Peru",Doctoral dissertation examining trans and non-binary activism through the cryptolect Lóxoro and inclusive language in Peru.,,Peru,Peru,Academic Work,Trabajo académico,"Féminas Speaking Up: Three Papers on Feminine Transgender Identities, Gender Identity Activism, and Language Reform in Lima, Peru","Féminas Speaking Up: Three Papers on Feminine Transgender Identities, Gender Identity Activism, and Language Reform in Lima, Peru",Doctoral dissertation examining trans and non-binary activism through the cryptolect Lóxoro and inclusive language in Peru.,,Peru,Peru,Academic Work,Trabajo académico,"Féminas Speaking Up: Three Papers on Feminine Transgender Identities, Gender Identity Activism, and Language Reform in Lima, Peru","Féminas Speaking Up: Three Papers on Feminine Transgender Identities, Gender Identity Activism, and Language Reform in Lima, Peru",Doctoral dissertation examining trans and non-binary activism through the cryptolect Lóxoro and inclusive language in Peru.,,Peru,Peru,Academic Work,Trabajo académico,Direct Non-Binary Spanish,"Féminas Speaking Up: Three Papers on Feminine Transgender Identities, Gender Identity Activism, and Language Reform in Lima, Peru","Féminas Speaking Up: Three Papers on Feminine Transgender Identities, Gender Identity Activism, and Language Reform in Lima, Peru",Doctoral dissertation examining trans and non-binary activism through the cryptolect Lóxoro and inclusive language in Peru.,,Peru,Peru,Academic Work,Trabajo académico,"Féminas Speaking Up: Three Papers on Feminine Transgender Identities, Gender Identity Activism, and Language Reform in Lima, Peru","Féminas Speaking Up: Three Papers on Feminine Transgender Identities, Gender Identity Activism, and Language Reform in Lima, Peru",Doctoral dissertation examining trans and non-binary activism through the cryptolect Lóxoro and inclusive language in Peru.,,Peru,Peru,Academic Work,Trabajo académico,,,,
demauro,https://www.bn.gov.ar/micrositios/admin_assets/issues/files/9118ded652d15279ac7730b15c18737b.pdf,Sofía De Mauro (ed.),2021,,,-34.6069,-58.3946,,,,,,,,,,,,,,Biblioteca Nacional,application/pdf,Anthology,,,,,Antología degenerada: una cartografía del lenguaje inclusivo,Antología degenerada: una cartografía del lenguaje inclusivo,Anthology of inclusive and non-binary linguistic reflections and creative works from Argentina.,,Argentina,Argentina,Academic Work,Trabajo académico,Antología degenerada: una cartografía del lenguaje inclusivo,Antología degenerada: una cartografía del lenguaje inclusivo,Anthology of inclusive and non-binary linguistic reflections and creative works from Argentina.,,Argentina,Argentina,Academic Work,Trabajo académico,asterisco;letra-x;letra-e,Antología degenerada: una cartografía del lenguaje inclusivo,Antología degenerada: una cartografía del lenguaje inclusivo,Anthology of inclusive and non-binary linguistic reflections and creative works from Argentina.,,Argentina,Argentina,Academic Work,Trabajo académico,Antología degenerada: una cartografía del lenguaje inclusivo,Antología degenerada: una cartografía del lenguaje inclusivo,Anthology of inclusive and non-binary linguistic reflections and creative works from Argentina.,,Argentina,Argentina,Academic Work,Trabajo académico,Antología degenerada: una cartografía del lenguaje inclusivo,Antología degenerada: una cartografía del lenguaje inclusivo,Anthology of inclusive and non-binary linguistic reflections and creative works from Argentina.,,Argentina,Argentina,Academic Work,Trabajo académico,Antología degenerada: una cartografía del lenguaje inclusivo,Antología degenerada: una cartografía del lenguaje inclusivo,Anthology of inclusive and non-binary linguistic reflections and creative works from Argentina.,,Argentina,Argentina,Academic Work,Trabajo académico,Direct Non-Binary Spanish;Indirect Non-Binary Spanish,Antología degenerada: una cartografía del lenguaje inclusivo,Antología degenerada: una cartografía del lenguaje inclusivo,Anthology of inclusive and non-binary linguistic reflections and creative works from Argentina.,,Argentina,Argentina,Academic Work,Trabajo académico,Antología degenerada: una cartografía del lenguaje inclusivo,Antología degenerada: una cartografía del lenguaje inclusivo,Anthology of inclusive and non-binary linguistic reflections and creative works from Argentina.,,Argentina,Argentina,Academic Work,Trabajo académico,,,https://libremos.com.ar/wp-content/uploads/2022/05/Antologia-degenerada-Tapa.jpg,
diaz,https://doi.org/10.5070/L214356302,Adriana Raquel Diaz; et al.,2022,,,40.748,-73.984,,,,,,,,,,,,,,L2 Journal,application/html,Academic Article,,,,,Gender Neutral and Non-Binary Language Practices in the Spanish Language Classroom: Tensions between Disciplinary and Societal Changes,Gender Neutral and Non-Binary Language Practices in the Spanish Language Classroom: Tensions between Disciplinary and Societal Changes,Study analyzing tensions between social and institutional forces in the use of inclusive Spanish in language classrooms.,,Australia,Australia,Pedagogy;Academic Work,Pedagogía;Trabajo académico,Gender Neutral and Non-Binary Language Practices in the Spanish Language Classroom: Tensions between Disciplinary and Societal Changes,Gender Neutral and Non-Binary Language Practices in the Spanish Language Classroom: Tensions between Disciplinary and Societal Changes,Study analyzing tensions between social and institutional forces in the use of inclusive Spanish in language classrooms.,,Australia,Australia,Pedagogy;Academic Work,Pedagogía;Trabajo académico,,Gender Neutral and Non-Binary Language Practices in the Spanish Language Classroom: Tensions between Disciplinary and Societal Changes,Gender Neutral and Non-Binary Language Practices in the Spanish Language Classroom: Tensions between Disciplinary and Societal Changes,Study analyzing tensions between social and institutional forces in the use of inclusive Spanish in language classrooms.,,Australia,Australia,Pedagogy;Academic Work,Pedagogía;Trabajo académico,Gender Neutral and Non-Binary Language Practices in the Spanish Language Classroom: Tensions between Disciplinary and Societal Changes,Gender Neutral and Non-Binary Language Practices in the Spanish Language Classroom: Tensions between Disciplinary and Societal Changes,Study analyzing tensions between social and institutional forces in the use of inclusive Spanish in language classrooms.,,Australia,Australia,Pedagogy;Academic Work,Pedagogía;Trabajo académico,Gender Neutral and Non-Binary Language Practices in the Spanish Language Classroom: Tensions between Disciplinary and Societal Changes,Gender Neutral and Non-Binary Language Practices in the Spanish Language Classroom: Tensions between Disciplinary and Societal Changes,Study analyzing tensions between social and institutional forces in the use of inclusive Spanish in language classrooms.,,Australia,Australia,Pedagogy;Academic Work,Pedagogía;Trabajo académico,Gender Neutral and Non-Binary Language Practices in the Spanish Language Classroom: Tensions between Disciplinary and Societal Changes,Gender Neutral and Non-Binary Language Practices in the Spanish Language Classroom: Tensions between Disciplinary and Societal Changes,Study analyzing tensions between social and institutional forces in the use of inclusive Spanish in language classrooms.,,Australia,Australia,Pedagogy;Academic Work,Pedagogía;Trabajo académico,Direct Non-Binary Spanish,Gender Neutral and Non-Binary Language Practices in the Spanish Language Classroom: Tensions between Disciplinary and Societal Changes,Gender Neutral and Non-Binary Language Practices in the Spanish Language Classroom: Tensions between Disciplinary and Societal Changes,Study analyzing tensions between social and institutional forces in the use of inclusive Spanish in language classrooms.,,Australia,Australia,Pedagogy;Academic Work,Pedagogía;Trabajo académico,Gender Neutral and Non-Binary Language Practices in the Spanish Language Classroom: Tensions between Disciplinary and Societal Changes,Gender Neutral and Non-Binary Language Practices in the Spanish Language Classroom: Tensions between Disciplinary and Societal Changes,Study analyzing tensions between social and institutional forces in the use of inclusive Spanish in language classrooms.,,Australia,Australia,Pedagogy;Academic Work,Pedagogía;Trabajo académico,,,https://raw.githubusercontent.com/eugestumm/gender-inclusive-spanish-digital-archive/77d582bbca1f4877ba20f5d2850b8ae9977c237a/objects/Diaz.jpg,
escajaprunes,https://www.anle.us/site/assets/files/1575/por-un-lenguaje-inclusivo.pdf,Tina Escaja;María Natalia Prunes,2021,,,40.748,-73.984,,,,,,,,,,,,,,Academia Norteamericana de la Lengua Española,application/pdf,Edited Volume,,,,,Por un lenguaje inclusivo: estudios y reflexiones sobre estrategias no sexistas en la lengua española,Por un lenguaje inclusivo: estudios y reflexiones sobre estrategias no sexistas en la lengua española,Collection of essays addressing inclusive and non-sexist strategies in the Spanish language.,,New York;United States,New York;United States,Academic Work,Trabajo académico,Por un lenguaje inclusivo: estudios y reflexiones sobre estrategias no sexistas en la lengua española,Por un lenguaje inclusivo: estudios y reflexiones sobre estrategias no sexistas en la lengua española,Collection of essays addressing inclusive and non-sexist strategies in the Spanish language.,,New York;United States,New York;United States,Academic Work,Trabajo académico,,Por un lenguaje inclusivo: estudios y reflexiones sobre estrategias no sexistas en la lengua española,Por un lenguaje inclusivo: estudios y reflexiones sobre estrategias no sexistas en la lengua española,Collection of essays addressing inclusive and non-sexist strategies in the Spanish language.,,New York;United States,New York;United States,Academic Work,Trabajo académico,Por un lenguaje inclusivo: estudios y reflexiones sobre estrategias no sexistas en la lengua española,Por un lenguaje inclusivo: estudios y reflexiones sobre estrategias no sexistas en la lengua española,Collection of essays addressing inclusive and non-sexist strategies in the Spanish language.,,New York;United States,New York;United States,Academic Work,Trabajo académico,Por un lenguaje inclusivo: estudios y reflexiones sobre estrategias no sexistas en la lengua española,Por un lenguaje inclusivo: estudios y reflexiones sobre estrategias no sexistas en la lengua española,Collection of essays addressing inclusive and non-sexist strategies in the Spanish language.,,New York;United States,New York;United States,Academic Work,Trabajo académico,Por un lenguaje inclusivo: estudios y reflexiones sobre estrategias no sexistas en la lengua española,Por un lenguaje inclusivo: estudios y reflexiones sobre estrategias no sexistas en la lengua española,Collection of essays addressing inclusive and non-sexist strategies in the Spanish language.,,New York;United States,New York;United States,Academic Work,Trabajo académico,Indirect Non-Binary Spanish;Direct Non-Binary Spanish,Por un lenguaje inclusivo: estudios y reflexiones sobre estrategias no sexistas en la lengua española,Por un lenguaje inclusivo: estudios y reflexiones sobre estrategias no sexistas en la lengua española,Collection of essays addressing inclusive and non-sexist strategies in the Spanish language.,,New York;United States,New York;United States,Academic Work,Trabajo académico,Por un lenguaje inclusivo: estudios y reflexiones sobre estrategias no sexistas en la lengua española,Por un lenguaje inclusivo: estudios y reflexiones sobre estrategias no sexistas en la lengua española,Collection of essays addressing inclusive and non-sexist strategies in the Spanish language.,,New York;United States,New York;United States,Academic Work,Trabajo académico,,,https://www.anle.us/site/assets/files/1575/por-un-lenguaje-inclusivo.800x1200.jpg,
lopezartemis,https://fh.mdp.edu.ar/revistas/index.php/cuarentanaipes/article/view/4891,Ártemis López,2020,,,40.4168,-3.7038,,,,,,,,,,,,,,Cuarenta Naipes,application/html,Academic Article,,,,,Cuando el lenguaje excluye: consideraciones sobre el lenguaje no binario indirecto,Cuando el lenguaje excluye: consideraciones sobre el lenguaje no binario indirecto,Article discussing indirect non-binary language and its implications for linguistic inclusivity.,,Spain,Spain,Academic Work,Trabajo académico,Cuando el lenguaje excluye: consideraciones sobre el lenguaje no binario indirecto,Cuando el lenguaje excluye: consideraciones sobre el lenguaje no binario indirecto,Article discussing indirect non-binary language and its implications for linguistic inclusivity.,,Spain,Spain,Academic Work,Trabajo académico,letra-e,Cuando el lenguaje excluye: consideraciones sobre el lenguaje no binario indirecto,Cuando el lenguaje excluye: consideraciones sobre el lenguaje no binario indirecto,Article discussing indirect non-binary language and its implications for linguistic inclusivity.,,Spain,Spain,Academic Work,Trabajo académico,Cuando el lenguaje excluye: consideraciones sobre el lenguaje no binario indirecto,Cuando el lenguaje excluye: consideraciones sobre el lenguaje no binario indirecto,Article discussing indirect non-binary language and its implications for linguistic inclusivity.,,Spain,Spain,Academic Work,Trabajo académico,Cuando el lenguaje excluye: consideraciones sobre el lenguaje no binario indirecto,Cuando el lenguaje excluye: consideraciones sobre el lenguaje no binario indirecto,Article discussing indirect non-binary language and its implications for linguistic inclusivity.,,Spain,Spain,Academic Work,Trabajo académico,Cuando el lenguaje excluye: consideraciones sobre el lenguaje no binario indirecto,Cuando el lenguaje excluye: consideraciones sobre el lenguaje no binario indirecto,Article discussing indirect non-binary language and its implications for linguistic inclusivity.,,Spain,Spain,Academic Work,Trabajo académico,Indirect Non-Binary Spanish;Direct Non-Binary Spanish,Cuando el lenguaje excluye: consideraciones sobre el lenguaje no binario indirecto,Cuando el lenguaje excluye: consideraciones sobre el lenguaje no binario indirecto,Article discussing indirect non-binary language and its implications for linguistic inclusivity.,,Spain,Spain,Academic Work,Trabajo académico,Cuando el lenguaje excluye: consideraciones sobre el lenguaje no binario indirecto,Cuando el lenguaje excluye: consideraciones sobre el lenguaje no binario indirecto,Article discussing indirect non-binary language and its implications for linguistic inclusivity.,,Spain,Spain,Academic Work,Trabajo académico,,,https://raw.githubusercontent.com/eugestumm/gender-inclusive-spanish-digital-archive/77d582bbca1f4877ba20f5d2850b8ae9977c237a/objects/lopez.jpg,
papadopoulos2021,https://doi.org/10.35869/hafh.v24i2.4106,Ben Papadopoulos,2021,,,37.8716042665462,-122.255521935501,,,,,,,,,,,,,,Hesperia: Anuario de Filología Hispánica,application/html,Academic Article,open-access,,,,The Definitional Dilemma of Gender in Language,The Definitional Dilemma of Gender in Language,Article exploring theoretical problems defining gender categories within Spanish grammar.,,Berkeley;United States,Berkeley;United States,Academic Work,Trabajo académico,The Definitional Dilemma of Gender in Language,The Definitional Dilemma of Gender in Language,Article exploring theoretical problems defining gender categories within Spanish grammar.,,Berkeley;United States,Berkeley;United States,Academic Work,Trabajo académico,letra-e;letra-x,The Definitional Dilemma of Gender in Language,The Definitional Dilemma of Gender in Language,Article exploring theoretical problems defining gender categories within Spanish grammar.,,Berkeley;United States,Berkeley;United States,Academic Work,Trabajo académico,The Definitional Dilemma of Gender in Language,The Definitional Dilemma of Gender in Language,Article exploring theoretical problems defining gender categories within Spanish grammar.,,Berkeley;United States,Berkeley;United States,Academic Work,Trabajo académico,The Definitional Dilemma of Gender in Language,The Definitional Dilemma of Gender in Language,Article exploring theoretical problems defining gender categories within Spanish grammar.,,Berkeley;United States,Berkeley;United States,Academic Work,Trabajo académico,The Definitional Dilemma of Gender in Language,The Definitional Dilemma of Gender in Language,Article exploring theoretical problems defining gender categories within Spanish grammar.,,Berkeley;United States,Berkeley;United States,Academic Work,Trabajo académico,Direct Non-Binary Spanish,The Definitional Dilemma of Gender in Language,The Definitional Dilemma of Gender in Language,Article exploring theoretical problems defining gender categories within Spanish grammar.,,Berkeley;United States,Berkeley;United States,Academic Work,Trabajo académico,The Definitional Dilemma of Gender in Language,The Definitional Dilemma of Gender in Language,Article exploring theoretical problems defining gender categories within Spanish grammar.,,Berkeley;United States,Berkeley;United States,Academic Work,Trabajo académico,,,https://raw.githubusercontent.com/eugestumm/gender-inclusive-spanish-digital-archive/77d582bbca1f4877ba20f5d2850b8ae9977c237a/objects/papa1.jpg,
papadopoulos2022,https://www.unive.it/pag/fileadmin/user_upload/dipartimenti/DSLCC/documenti/DEP/numeri/n48/07_Papadopoulos_Spanish.pdf,Ben Papadopoulos,2022,,,37.8716042665462,-122.255521935501,,,,,,,,,,,,,,"DEP. Deportate, Esuli, Profughe",application/pdf,Academic Article,open-access,,,,Una breve historia del español no binario,Una breve historia del español no binario,Short article summarizing the emergence and historical evolution of non-binary Spanish.,,Berkeley;United States,Berkeley;United States,Academic Work,Trabajo académico,Una breve historia del español no binario,Una breve historia del español no binario,Short article summarizing the emergence and historical evolution of non-binary Spanish.,,Berkeley;United States,Berkeley;United States,Academic Work,Trabajo académico,arroba;letra-e;letra-x;asterisco,Una breve historia del español no binario,Una breve historia del español no binario,Short article summarizing the emergence and historical evolution of non-binary Spanish.,,Berkeley;United States,Berkeley;United States,Academic Work,Trabajo académico,Una breve historia del español no binario,Una breve historia del español no binario,Short article summarizing the emergence and historical evolution of non-binary Spanish.,,Berkeley;United States,Berkeley;United States,Academic Work,Trabajo académico,Una breve historia del español no binario,Una breve historia del español no binario,Short article summarizing the emergence and historical evolution of non-binary Spanish.,,Berkeley;United States,Berkeley;United States,Academic Work,Trabajo académico,Una breve historia del español no binario,Una breve historia del español no binario,Short article summarizing the emergence and historical evolution of non-binary Spanish.,,Berkeley;United States,Berkeley;United States,Academic Work,Trabajo académico,Direct Non-Binary Spanish;Indirect Non-Binary Spanish,Una breve historia del español no binario,Una breve historia del español no binario,Short article summarizing the emergence and historical evolution of non-binary Spanish.,,Berkeley;United States,Berkeley;United States,Academic Work,Trabajo académico,Una breve historia del español no binario,Una breve historia del español no binario,Short article summarizing the emergence and historical evolution of non-binary Spanish.,,Berkeley;United States,Berkeley;United States,Academic Work,Trabajo académico,,,https://raw.githubusercontent.com/eugestumm/gender-inclusive-spanish-digital-archive/77d582bbca1f4877ba20f5d2850b8ae9977c237a/objects/papa2.jpg,
parraserafini,https://www.tandfonline.com/doi/full/10.1080/23247797.2021.2012739,María Luisa Parra; Ellen J. Serafini,2022,,,42.3746744762688,-71.118238089035,,,,,,,,,,,,,,Journal of Spanish Language Teaching,application/pdf,Academic Article,open-access,,,,“Bienvenidxs Todes”: el lenguaje inclusivo desde una perspectiva crítica para las clases de español,“Bienvenidxs Todes”: el lenguaje inclusivo desde una perspectiva crítica para las clases de español,Critical pedagogical reflection on inclusive Spanish in language teaching contexts.,,Cambridge;United States,Cambridge;United States,Academic Work;Pedagogical material,Trabajo académico;Material pedagógico,“Bienvenidxs Todes”: el lenguaje inclusivo desde una perspectiva crítica para las clases de español,“Bienvenidxs Todes”: el lenguaje inclusivo desde una perspectiva crítica para las clases de español,Critical pedagogical reflection on inclusive Spanish in language teaching contexts.,,Cambridge;United States,Cambridge;United States,Academic Work;Pedagogical material,Trabajo académico;Material pedagógico,letra-x;letra-e;arroba,“Bienvenidxs Todes”: el lenguaje inclusivo desde una perspectiva crítica para las clases de español,“Bienvenidxs Todes”: el lenguaje inclusivo desde una perspectiva crítica para las clases de español,Critical pedagogical reflection on inclusive Spanish in language teaching contexts.,,Cambridge;United States,Cambridge;United States,Academic Work;Pedagogical material,Trabajo académico;Material pedagógico,“Bienvenidxs Todes”: el lenguaje inclusivo desde una perspectiva crítica para las clases de español,“Bienvenidxs Todes”: el lenguaje inclusivo desde una perspectiva crítica para las clases de español,Critical pedagogical reflection on inclusive Spanish in language teaching contexts.,,Cambridge;United States,Cambridge;United States,Academic Work;Pedagogical material,Trabajo académico;Material pedagógico,“Bienvenidxs Todes”: el lenguaje inclusivo desde una perspectiva crítica para las clases de español,“Bienvenidxs Todes”: el lenguaje inclusivo desde una perspectiva crítica para las clases de español,Critical pedagogical reflection on inclusive Spanish in language teaching contexts.,,Cambridge;United States,Cambridge;United States,Academic Work;Pedagogical material,Trabajo académico;Material pedagógico,“Bienvenidxs Todes”: el lenguaje inclusivo desde una perspectiva crítica para las clases de español,“Bienvenidxs Todes”: el lenguaje inclusivo desde una perspectiva crítica para las clases de español,Critical pedagogical reflection on inclusive Spanish in language teaching contexts.,,Cambridge;United States,Cambridge;United States,Academic Work;Pedagogical material,Trabajo académico;Material pedagógico,Direct Non-Binary Spanish;Indirect Non-Binary Spanish,“Bienvenidxs Todes”: el lenguaje inclusivo desde una perspectiva crítica para las clases de español,“Bienvenidxs Todes”: el lenguaje inclusivo desde una perspectiva crítica para las clases de español,Critical pedagogical reflection on inclusive Spanish in language teaching contexts.,,Cambridge;United States,Cambridge;United States,Academic Work;Pedagogical material,Trabajo académico;Material pedagógico,“Bienvenidxs Todes”: el lenguaje inclusivo desde una perspectiva crítica para las clases de español,“Bienvenidxs Todes”: el lenguaje inclusivo desde una perspectiva crítica para las clases de español,Critical pedagogical reflection on inclusive Spanish in language teaching contexts.,,Cambridge;United States,Cambridge;United States,Academic Work;Pedagogical material,Trabajo académico;Material pedagógico,,,https://www.tandfonline.com/action/showCoverImage?doi=10.1080/rslt20.v008.i02,
payva,https://su.diva-portal.org/smash/get/diva2:1524310/FULLTEXT02.pdf,Marisa Payva,2020,,,-34.6069,-58.3946,,,,,,,,,,,,,,University of Stockholm,application/pdf,Master’s Thesis,open-access,,,,"Literature for ¿todes? Contemporary Argentine Literature, Inclusive Language and New Modes of Subjectivity","Literature for ¿todes? Contemporary Argentine Literature, Inclusive Language and New Modes of Subjectivity",Master’s thesis on inclusive language and collective subjectivity in contemporary Argentine literature.,,Sweden;Stockholm,Sweden;Stockholm,Academic Work,Trabajo académico,"Literature for ¿todes? Contemporary Argentine Literature, Inclusive Language and New Modes of Subjectivity","Literature for ¿todes? Contemporary Argentine Literature, Inclusive Language and New Modes of Subjectivity",Master’s thesis on inclusive language and collective subjectivity in contemporary Argentine literature.,,Sweden;Stockholm,Sweden;Stockholm,Academic Work,Trabajo académico,letra-x;letra-e,"Literature for ¿todes? Contemporary Argentine Literature, Inclusive Language and New Modes of Subjectivity","Literature for ¿todes? Contemporary Argentine Literature, Inclusive Language and New Modes of Subjectivity",Master’s thesis on inclusive language and collective subjectivity in contemporary Argentine literature.,,Sweden;Stockholm,Sweden;Stockholm,Academic Work,Trabajo académico,"Literature for ¿todes? Contemporary Argentine Literature, Inclusive Language and New Modes of Subjectivity","Literature for ¿todes? Contemporary Argentine Literature, Inclusive Language and New Modes of Subjectivity",Master’s thesis on inclusive language and collective subjectivity in contemporary Argentine literature.,,Sweden;Stockholm,Sweden;Stockholm,Academic Work,Trabajo académico,"Literature for ¿todes? Contemporary Argentine Literature, Inclusive Language and New Modes of Subjectivity","Literature for ¿todes? Contemporary Argentine Literature, Inclusive Language and New Modes of Subjectivity",Master’s thesis on inclusive language and collective subjectivity in contemporary Argentine literature.,,Sweden;Stockholm,Sweden;Stockholm,Academic Work,Trabajo académico,"Literature for ¿todes? Contemporary Argentine Literature, Inclusive Language and New Modes of Subjectivity","Literature for ¿todes? Contemporary Argentine Literature, Inclusive Language and New Modes of Subjectivity",Master’s thesis on inclusive language and collective subjectivity in contemporary Argentine literature.,,Sweden;Stockholm,Sweden;Stockholm,Academic Work,Trabajo académico,Direct Non-Binary Spanish;Indirect Non-Binary Spanish,"Literature for ¿todes? Contemporary Argentine Literature, Inclusive Language and New Modes of Subjectivity","Literature for ¿todes? Contemporary Argentine Literature, Inclusive Language and New Modes of Subjectivity",Master’s thesis on inclusive language and collective subjectivity in contemporary Argentine literature.,,Sweden;Stockholm,Sweden;Stockholm,Academic Work,Trabajo académico,"Literature for ¿todes? Contemporary Argentine Literature, Inclusive Language and New Modes of Subjectivity","Literature for ¿todes? Contemporary Argentine Literature, Inclusive Language and New Modes of Subjectivity",Master’s thesis on inclusive language and collective subjectivity in contemporary Argentine literature.,,Sweden;Stockholm,Sweden;Stockholm,Academic Work,Trabajo académico,,,https://encrypted-tbn0.gstatic.com/images?q=tbn:ANd9GcTxj19yywH7tNt3TUEzJd_7dj0TGzjMbm9CTA&s,
prunes,https://www.anle.us/site/assets/files/1575/por-un-lenguaje-inclusivo.pdf#page=23,María Natalia Prunes,2021,,,40.748,-73.984,,,,,,,,,,,,,,In Por un lenguaje inclusivo (ANLE),application/pdf,Book Chapter,,,,,La base política del lenguaje inclusivo,La base política del lenguaje inclusivo,Chapter analyzing the political foundations of inclusive Spanish.,,United States,United States,Academic Work;Pedagogical material,Trabajo académico;Material pedagógico,La base política del lenguaje inclusivo,La base política del lenguaje inclusivo,Chapter analyzing the political foundations of inclusive Spanish.,,United States,United States,Academic Work;Pedagogical material,Trabajo académico;Material pedagógico,letra-e;letra-x,La base política del lenguaje inclusivo,La base política del lenguaje inclusivo,Chapter analyzing the political foundations of inclusive Spanish.,,United States,United States,Academic Work;Pedagogical material,Trabajo académico;Material pedagógico,La base política del lenguaje inclusivo,La base política del lenguaje inclusivo,Chapter analyzing the political foundations of inclusive Spanish.,,United States,United States,Academic Work;Pedagogical material,Trabajo académico;Material pedagógico,La base política del lenguaje inclusivo,La base política del lenguaje inclusivo,Chapter analyzing the political foundations of inclusive Spanish.,,United States,United States,Academic Work;Pedagogical material,Trabajo académico;Material pedagógico,La base política del lenguaje inclusivo,La base política del lenguaje inclusivo,Chapter analyzing the political foundations of inclusive Spanish.,,United States,United States,Academic Work;Pedagogical material,Trabajo académico;Material pedagógico,Direct Non-Binary Spanish;Indirect Non-Binary Spanish,La base política del lenguaje inclusivo,La base política del lenguaje inclusivo,Chapter analyzing the political foundations of inclusive Spanish.,,United States,United States,Academic Work;Pedagogical material,Trabajo académico;Material pedagógico,La base política del lenguaje inclusivo,La base política del lenguaje inclusivo,Chapter analyzing the political foundations of inclusive Spanish.,,United States,United States,Academic Work;Pedagogical material,Trabajo académico;Material pedagógico,,,,
rae2020,https://www.rae.es/sites/default/files/Informe_lenguaje_inclusivo.pdf,Real Academia Española,2020,,,40.4168,-3.7038,,,,,,,,,,,,,,RAE,application/pdf,Institutional Report,open-access,,,,Informe de la Real Academia Española sobre el lenguaje inclusivo y cuestiones conexas,Informe de la Real Academia Española sobre el lenguaje inclusivo y cuestiones conexas,Official RAE report rejecting direct non-binary language as ungrammatical.,,Spain,Spain,Academic Work,Trabajo académico,Informe de la Real Academia Española sobre el lenguaje inclusivo y cuestiones conexas,Informe de la Real Academia Española sobre el lenguaje inclusivo y cuestiones conexas,Official RAE report rejecting direct non-binary language as ungrammatical.,,Spain,Spain,Academic Work,Trabajo académico,,Informe de la Real Academia Española sobre el lenguaje inclusivo y cuestiones conexas,Informe de la Real Academia Española sobre el lenguaje inclusivo y cuestiones conexas,Official RAE report rejecting direct non-binary language as ungrammatical.,,Spain,Spain,Academic Work,Trabajo académico,Informe de la Real Academia Española sobre el lenguaje inclusivo y cuestiones conexas,Informe de la Real Academia Española sobre el lenguaje inclusivo y cuestiones conexas,Official RAE report rejecting direct non-binary language as ungrammatical.,,Spain,Spain,Academic Work,Trabajo académico,Informe de la Real Academia Española sobre el lenguaje inclusivo y cuestiones conexas,Informe de la Real Academia Española sobre el lenguaje inclusivo y cuestiones conexas,Official RAE report rejecting direct non-binary language as ungrammatical.,,Spain,Spain,Academic Work,Trabajo académico,Informe de la Real Academia Española sobre el lenguaje inclusivo y cuestiones conexas,Informe de la Real Academia Española sobre el lenguaje inclusivo y cuestiones conexas,Official RAE report rejecting direct non-binary language as ungrammatical.,,Spain,Spain,Academic Work,Trabajo académico,Indirect Non-Binary Spanish;Direct Non-Binary Spanish,Informe de la Real Academia Española sobre el lenguaje inclusivo y cuestiones conexas,Informe de la Real Academia Española sobre el lenguaje inclusivo y cuestiones conexas,Official RAE report rejecting direct non-binary language as ungrammatical.,,Spain,Spain,Academic Work,Trabajo académico,Informe de la Real Academia Española sobre el lenguaje inclusivo y cuestiones conexas,Informe de la Real Academia Española sobre el lenguaje inclusivo y cuestiones conexas,Official RAE report rejecting direct non-binary language as ungrammatical.,,Spain,Spain,Academic Work,Trabajo académico,,,https://blogger.googleusercontent.com/img/b/R29vZ2xl/AVvXsEiWAk0meV5XoGl7KhBRIdcMUfoMjsf-PptntjYOpuNcAYxZZ9-tOcumbYhSeWqf9J5Y1IrLcrA8Qkd2yBcq17Y1BdmbnAeibTigoRhA8swPNulr0dbqxtMih09ZZu-EFJ6rA2VC6ITyrE0/s1600/bs+gram.jpg,
realesgil,http://hdl.handle.net/10138/319362,Maravillas Reales Gil,2020,,,61.7694261145263,26.274772792515,,,,,,,,,,,,,,University of Helsinki,application/html,Master’s Thesis,open-access,,,,"Análisis contrastivo de las actitudes hacia el lenguaje inclusivo en Argentina, España y México","Análisis contrastivo de las actitudes hacia el lenguaje inclusivo en Argentina, España y México",Master’s thesis comparing social attitudes toward inclusive Spanish across three countries.,,Helsinki;Finland,Helsinki;Finland,Academic Work,Trabajo académico,"Análisis contrastivo de las actitudes hacia el lenguaje inclusivo en Argentina, España y México","Análisis contrastivo de las actitudes hacia el lenguaje inclusivo en Argentina, España y México",Master’s thesis comparing social attitudes toward inclusive Spanish across three countries.,,Helsinki;Finland,Helsinki;Finland,Academic Work,Trabajo académico,letra-e;letra-x,"Análisis contrastivo de las actitudes hacia el lenguaje inclusivo en Argentina, España y México","Análisis contrastivo de las actitudes hacia el lenguaje inclusivo en Argentina, España y México",Master’s thesis comparing social attitudes toward inclusive Spanish across three countries.,,Helsinki;Finland,Helsinki;Finland,Academic Work,Trabajo académico,"Análisis contrastivo de las actitudes hacia el lenguaje inclusivo en Argentina, España y México","Análisis contrastivo de las actitudes hacia el lenguaje inclusivo en Argentina, España y México",Master’s thesis comparing social attitudes toward inclusive Spanish across three countries.,,Helsinki;Finland,Helsinki;Finland,Academic Work,Trabajo académico,"Análisis contrastivo de las actitudes hacia el lenguaje inclusivo en Argentina, España y México","Análisis contrastivo de las actitudes hacia el lenguaje inclusivo en Argentina, España y México",Master’s thesis comparing social attitudes toward inclusive Spanish across three countries.,,Helsinki;Finland,Helsinki;Finland,Academic Work,Trabajo académico,"Análisis contrastivo de las actitudes hacia el lenguaje inclusivo en Argentina, España y México","Análisis contrastivo de las actitudes hacia el lenguaje inclusivo en Argentina, España y México",Master’s thesis comparing social attitudes toward inclusive Spanish across three countries.,,Helsinki;Finland,Helsinki;Finland,Academic Work,Trabajo académico,Direct Non-Binary Spanish,"Análisis contrastivo de las actitudes hacia el lenguaje inclusivo en Argentina, España y México","Análisis contrastivo de las actitudes hacia el lenguaje inclusivo en Argentina, España y México",Master’s thesis comparing social attitudes toward inclusive Spanish across three countries.,,Helsinki;Finland,Helsinki;Finland,Academic Work,Trabajo académico,"Análisis contrastivo de las actitudes hacia el lenguaje inclusivo en Argentina, España y México","Análisis contrastivo de las actitudes hacia el lenguaje inclusivo en Argentina, España y México",Master’s thesis comparing social attitudes toward inclusive Spanish across three countries.,,Helsinki;Finland,Helsinki;Finland,Academic Work,Trabajo académico,,,https://raw.githubusercontent.com/eugestumm/gender-inclusive-spanish-digital-archive/77d582bbca1f4877ba20f5d2850b8ae9977c237a/objects/realesgil.jpg,
theumer,https://www.bn.gov.ar/micrositios/admin_assets/issues/files/9118ded652d15279ac7730b15c18737b.pdf#page=60,Emmanuel Theumer,2021,,,-34.6069,-58.3946,,,,,,,,,,,,,,Antología Degenerada,application/pdf,Book Chapter,,,,,"La voluntad de inclusión. Preguntas, más preguntas","La voluntad de inclusión. Preguntas, más preguntas",Essay reflecting on linguistic inclusion and the ethics of non-binary Spanish.,,Argentina,Argentina,Academic Work,Trabajo académico,"La voluntad de inclusión. Preguntas, más preguntas","La voluntad de inclusión. Preguntas, más preguntas",Essay reflecting on linguistic inclusion and the ethics of non-binary Spanish.,,Argentina,Argentina,Academic Work,Trabajo académico,letra-e,"La voluntad de inclusión. Preguntas, más preguntas","La voluntad de inclusión. Preguntas, más preguntas",Essay reflecting on linguistic inclusion and the ethics of non-binary Spanish.,,Argentina,Argentina,Academic Work,Trabajo académico,"La voluntad de inclusión. Preguntas, más preguntas","La voluntad de inclusión. Preguntas, más preguntas",Essay reflecting on linguistic inclusion and the ethics of non-binary Spanish.,,Argentina,Argentina,Academic Work,Trabajo académico,"La voluntad de inclusión. Preguntas, más preguntas","La voluntad de inclusión. Preguntas, más preguntas",Essay reflecting on linguistic inclusion and the ethics of non-binary Spanish.,,Argentina,Argentina,Academic Work,Trabajo académico,"La voluntad de inclusión. Preguntas, más preguntas","La voluntad de inclusión. Preguntas, más preguntas",Essay reflecting on linguistic inclusion and the ethics of non-binary Spanish.,,Argentina,Argentina,Academic Work,Trabajo académico,Direct Non-Binary Spanish,"La voluntad de inclusión. Preguntas, más preguntas","La voluntad de inclusión. Preguntas, más preguntas",Essay reflecting on linguistic inclusion and the ethics of non-binary Spanish.,,Argentina,Argentina,Academic Work,Trabajo académico,"La voluntad de inclusión. Preguntas, más preguntas","La voluntad de inclusión. Preguntas, más preguntas",Essay reflecting on linguistic inclusion and the ethics of non-binary Spanish.,,Argentina,Argentina,Academic Work,Trabajo académico,,,https://libremos.com.ar/wp-content/uploads/2022/05/Antologia-degenerada-Tapa.jpg,
tosi,https://doi.org/10.15645/Alabe2019.20.11,Carolina Luciana Tosi,2019,,,-34.6069,-58.3946,,,,,,,,,,,,,,Álabe Revista de Investigación sobre Lectura y Escritura,application/html,Academic Article,,,,,Marcas discursivas de la diversidad: acerca del lenguaje no sexista y la educación lingüística: aproximaciones al caso argentino,Marcas discursivas de la diversidad: acerca del lenguaje no sexista y la educación lingüística: aproximaciones al caso argentino,Paper addressing inclusive and non-sexist discourse markers in Argentine education.,,Argentina,Argentina,Academic Work,Trabajo académico,Marcas discursivas de la diversidad: acerca del lenguaje no sexista y la educación lingüística: aproximaciones al caso argentino,Marcas discursivas de la diversidad: acerca del lenguaje no sexista y la educación lingüística: aproximaciones al caso argentino,Paper addressing inclusive and non-sexist discourse markers in Argentine education.,,Argentina,Argentina,Academic Work,Trabajo académico,,Marcas discursivas de la diversidad: acerca del lenguaje no sexista y la educación lingüística: aproximaciones al caso argentino,Marcas discursivas de la diversidad: acerca del lenguaje no sexista y la educación lingüística: aproximaciones al caso argentino,Paper addressing inclusive and non-sexist discourse markers in Argentine education.,,Argentina,Argentina,Academic Work,Trabajo académico,Marcas discursivas de la diversidad: acerca del lenguaje no sexista y la educación lingüística: aproximaciones al caso argentino,Marcas discursivas de la diversidad: acerca del lenguaje no sexista y la educación lingüística: aproximaciones al caso argentino,Paper addressing inclusive and non-sexist discourse markers in Argentine education.,,Argentina,Argentina,Academic Work,Trabajo académico,Marcas discursivas de la diversidad: acerca del lenguaje no sexista y la educación lingüística: aproximaciones al caso argentino,Marcas discursivas de la diversidad: acerca del lenguaje no sexista y la educación lingüística: aproximaciones al caso argentino,Paper addressing inclusive and non-sexist discourse markers in Argentine education.,,Argentina,Argentina,Academic Work,Trabajo académico,Marcas discursivas de la diversidad: acerca del lenguaje no sexista y la educación lingüística: aproximaciones al caso argentino,Marcas discursivas de la diversidad: acerca del lenguaje no sexista y la educación lingüística: aproximaciones al caso argentino,Paper addressing inclusive and non-sexist discourse markers in Argentine education.,,Argentina,Argentina,Academic Work,Trabajo académico,Indirect Non-Binary Spanish;Direct Non-Binary Spanish,Marcas discursivas de la diversidad: acerca del lenguaje no sexista y la educación lingüística: aproximaciones al caso argentino,Marcas discursivas de la diversidad: acerca del lenguaje no sexista y la educación lingüística: aproximaciones al caso argentino,Paper addressing inclusive and non-sexist discourse markers in Argentine education.,,Argentina,Argentina,Academic Work,Trabajo académico,Marcas discursivas de la diversidad: acerca del lenguaje no sexista y la educación lingüística: aproximaciones al caso argentino,Marcas discursivas de la diversidad: acerca del lenguaje no sexista y la educación lingüística: aproximaciones al caso argentino,Paper addressing inclusive and non-sexist discourse markers in Argentine education.,,Argentina,Argentina,Academic Work,Trabajo académico,,,https://i1.rgstatic.net/publication/334489227_Marcas_discursivas_de_la_diversidad_Acerca_del_lenguaje_no_sexista_y_la_educacion_linguistica_aproximaciones_al_caso_argentino/links/5d2dcd63299bf1547cbc844f/largepreview.png,
zunino,https://doi.org/10.1590/1981-5794-e14546,Gabriela Mariel Zunino; Noelia Ayelén Stetie,2022,,,-34.6069,-58.3946,,,,,,,,,,,,,,Alfa: Revista de Lingüística,application/html,Academic Article,,,,,¿Binario o no binario? Morfología de género en español: diferencias dependientes de la tarea,¿Binario o no binario? Morfología de género en español: diferencias dependientes de la tarea,Study on morphological gender differences in Spanish and how they relate to task type.,,Argentina,Argentina,Academic Work,Trabajo académico,¿Binario o no binario? Morfología de género en español: diferencias dependientes de la tarea,¿Binario o no binario? Morfología de género en español: diferencias dependientes de la tarea,Study on morphological gender differences in Spanish and how they relate to task type.,,Argentina,Argentina,Academic Work,Trabajo académico,letra-e;letra-x,¿Binario o no binario? Morfología de género en español: diferencias dependientes de la tarea,¿Binario o no binario? Morfología de género en español: diferencias dependientes de la tarea,Study on morphological gender differences in Spanish and how they relate to task type.,,Argentina,Argentina,Academic Work,Trabajo académico,¿Binario o no binario? Morfología de género en español: diferencias dependientes de la tarea,¿Binario o no binario? Morfología de género en español: diferencias dependientes de la tarea,Study on morphological gender differences in Spanish and how they relate to task type.,,Argentina,Argentina,Academic Work,Trabajo académico,¿Binario o no binario? Morfología de género en español: diferencias dependientes de la tarea,¿Binario o no binario? Morfología de género en español: diferencias dependientes de la tarea,Study on morphological gender differences in Spanish and how they relate to task type.,,Argentina,Argentina,Academic Work,Trabajo académico,¿Binario o no binario? Morfología de género en español: diferencias dependientes de la tarea,¿Binario o no binario? Morfología de género en español: diferencias dependientes de la tarea,Study on morphological gender differences in Spanish and how they relate to task type.,,Argentina,Argentina,Academic Work,Trabajo académico,Direct Non-Binary Spanish,¿Binario o no binario? Morfología de género en español: diferencias dependientes de la tarea,¿Binario o no binario? Morfología de género en español: diferencias dependientes de la tarea,Study on morphological gender differences in Spanish and how they relate to task type.,,Argentina,Argentina,Academic Work,Trabajo académico,¿Binario o no binario? Morfología de género en español: diferencias dependientes de la tarea,¿Binario o no binario? Morfología de género en español: diferencias dependientes de la tarea,Study on morphological gender differences in Spanish and how they relate to task type.,,Argentina,Argentina,Academic Work,Trabajo académico,,,https://raw.githubusercontent.com/eugestumm/gender-inclusive-spanish-digital-archive/77d582bbca1f4877ba20f5d2850b8ae9977c237a/objects/Zunina.jpg,
devuelvanoseloro,https://traficantes.net/sites/default/files/pdfs/LIBROPDF1-ilovepdf-compressed-2.pdf,Colectivo Ayllu,2017,,,40.4165,-3.70256,,,,,,,,,,,,,,,application/pdf,,CC-BY-ND 4,,,,Devuélvannos el Oro. Cosmovisiones Perversas y Acciones Anticoloniales.,Devuélvannos el Oro. Cosmovisiones Perversas y Acciones Anticoloniales.,Anthology of texts by insurgent migrants in Spain.,,Madrid;Spain,Madrid;Spain,Poetry;Narrative,Poesía;Narrativa,Devuélvannos el Oro. Cosmovisiones Perversas y Acciones Anticoloniales.,Devuélvannos el Oro. Cosmovisiones Perversas y Acciones Anticoloniales.,Anthology of texts by insurgent migrants in Spain.,,Madrid;Spain,Madrid;Spain,Poetry;Narrative,Poesía;Narrativa,letra-x,Devuélvannos el Oro. Cosmovisiones Perversas y Acciones Anticoloniales.,Devuélvannos el Oro. Cosmovisiones Perversas y Acciones Anticoloniales.,Anthology of texts by insurgent migrants in Spain.,,Madrid;Spain,Madrid;Spain,Poetry;Narrative,Poesía;Narrativa,Devuélvannos el Oro. Cosmovisiones Perversas y Acciones Anticoloniales.,Devuélvannos el Oro. Cosmovisiones Perversas y Acciones Anticoloniales.,Anthology of texts by insurgent migrants in Spain.,,Madrid;Spain,Madrid;Spain,Poetry;Narrative,Poesía;Narrativa,Devuélvannos el Oro. Cosmovisiones Perversas y Acciones Anticoloniales.,Devuélvannos el Oro. Cosmovisiones Perversas y Acciones Anticoloniales.,Anthology of texts by insurgent migrants in Spain.,,Madrid;Spain,Madrid;Spain,Poetry;Narrative,Poesía;Narrativa,Devuélvannos el Oro. Cosmovisiones Perversas y Acciones Anticoloniales.,Devuélvannos el Oro. Cosmovisiones Perversas y Acciones Anticoloniales.,Anthology of texts by insurgent migrants in Spain.,,Madrid;Spain,Madrid;Spain,Poetry;Narrative,Poesía;Narrativa,Direct Non-Binary Spanish,Devuélvannos el Oro. Cosmovisiones Perversas y Acciones Anticoloniales.,Devuélvannos el Oro. Cosmovisiones Perversas y Acciones Anticoloniales.,Anthology of texts by insurgent migrants in Spain.,,Madrid;Spain,Madrid;Spain,Poetry;Narrative,Poesía;Narrativa,Devuélvannos el Oro. Cosmovisiones Perversas y Acciones Anticoloniales.,Devuélvannos el Oro. Cosmovisiones Perversas y Acciones Anticoloniales.,Anthology of texts by insurgent migrants in Spain.,,Madrid;Spain,Madrid;Spain,Poetry;Narrative,Poesía;Narrativa,,,,
ecocidios,,lautopía ,2019,,,,,,,,,,,,,,,,,,Tulane University - The Doris Z. Stone Latin American Library and Research Center,,,,,,,Ecocidios,Ecocidios,"Compilation of cartoon draws made between 2016 and 2028 and published in 2019 in Argentina. The anthology was printed in ""Papel Naturaleza Reciclado"" [Recycled Nature Paper] as part of the ""talleres de Cooperativa Gráfica del Pueblo"" in Buenos Aires, Argentina. It features the use of -@ gender-inclusive marker, as in ""vegetarian@,"" ""flexitarian@"", etc. ",,Buenos Aires;Argentina,Buenos Aires;Argentina,Fanzine,Fanzine,Ecocidios,Ecocidios,"Compilation of cartoon draws made between 2016 and 2028 and published in 2019 in Argentina. The anthology was printed in ""Papel Naturaleza Reciclado"" [Recycled Nature Paper] as part of the ""talleres de Cooperativa Gráfica del Pueblo"" in Buenos Aires, Argentina. It features the use of -@ gender-inclusive marker, as in ""vegetarian@,"" ""flexitarian@"", etc. ",,Buenos Aires;Argentina,Buenos Aires;Argentina,Fanzine,Fanzine,arroba,Ecocidios,Ecocidios,"Compilation of cartoon draws made between 2016 and 2028 and published in 2019 in Argentina. The anthology was printed in ""Papel Naturaleza Reciclado"" [Recycled Nature Paper] as part of the ""talleres de Cooperativa Gráfica del Pueblo"" in Buenos Aires, Argentina. It features the use of -@ gender-inclusive marker, as in ""vegetarian@,"" ""flexitarian@"", etc. ",,Buenos Aires;Argentina,Buenos Aires;Argentina,Fanzine,Fanzine,Ecocidios,Ecocidios,"Compilation of cartoon draws made between 2016 and 2028 and published in 2019 in Argentina. The anthology was printed in ""Papel Naturaleza Reciclado"" [Recycled Nature Paper] as part of the ""talleres de Cooperativa Gráfica del Pueblo"" in Buenos Aires, Argentina. It features the use of -@ gender-inclusive marker, as in ""vegetarian@,"" ""flexitarian@"", etc. ",,Buenos Aires;Argentina,Buenos Aires;Argentina,Fanzine,Fanzine,Ecocidios,Ecocidios,"Compilation of cartoon draws made between 2016 and 2028 and published in 2019 in Argentina. The anthology was printed in ""Papel Naturaleza Reciclado"" [Recycled Nature Paper] as part of the ""talleres de Cooperativa Gráfica del Pueblo"" in Buenos Aires, Argentina. It features the use of -@ gender-inclusive marker, as in ""vegetarian@,"" ""flexitarian@"", etc. ",,Buenos Aires;Argentina,Buenos Aires;Argentina,Fanzine,Fanzine,Ecocidios,Ecocidios,"Compilation of cartoon draws made between 2016 and 2028 and published in 2019 in Argentina. The anthology was printed in ""Papel Naturaleza Reciclado"" [Recycled Nature Paper] as part of the ""talleres de Cooperativa Gráfica del Pueblo"" in Buenos Aires, Argentina. It features the use of -@ gender-inclusive marker, as in ""vegetarian@,"" ""flexitarian@"", etc. ",,Buenos Aires;Argentina,Buenos Aires;Argentina,Fanzine,Fanzine,,Ecocidios,Ecocidios,"Compilation of cartoon draws made between 2016 and 2028 and published in 2019 in Argentina. The anthology was printed in ""Papel Naturaleza Reciclado"" [Recycled Nature Paper] as part of the ""talleres de Cooperativa Gráfica del Pueblo"" in Buenos Aires, Argentina. It features the use of -@ gender-inclusive marker, as in ""vegetarian@,"" ""flexitarian@"", etc. ",,Buenos Aires;Argentina,Buenos Aires;Argentina,Fanzine,Fanzine,Ecocidios,Ecocidios,"Compilation of cartoon draws made between 2016 and 2028 and published in 2019 in Argentina. The anthology was printed in ""Papel Naturaleza Reciclado"" [Recycled Nature Paper] as part of the ""talleres de Cooperativa Gráfica del Pueblo"" in Buenos Aires, Argentina. It features the use of -@ gender-inclusive marker, as in ""vegetarian@,"" ""flexitarian@"", etc. ",,Buenos Aires;Argentina,Buenos Aires;Argentina,Fanzine,Fanzine,Tulane University - The Doris Z. Stone Latin American Library and Research Center,,,
chuncanxs,,Espacio del I Foro de Escritorxs mujeres y disidentes de Mendoza,2019,,,,,,,,,,,,,,,,,,Tulane University - The Doris Z. Stone Latin American Library and Research Center,,,,,,,Chuncanxs,Chuncanxs,,,Mendoza;Argentina,Mendoza;Argentina,Fanzine,Fanzine,Chuncanxs,Chuncanxs,,,Mendoza;Argentina,Mendoza;Argentina,Fanzine,Fanzine,letra-x,Chuncanxs,Chuncanxs,,,Mendoza;Argentina,Mendoza;Argentina,Fanzine,Fanzine,Chuncanxs,Chuncanxs,,,Mendoza;Argentina,Mendoza;Argentina,Fanzine,Fanzine,Chuncanxs,Chuncanxs,,,Mendoza;Argentina,Mendoza;Argentina,Fanzine,Fanzine,Chuncanxs,Chuncanxs,,,Mendoza;Argentina,Mendoza;Argentina,Fanzine,Fanzine,,Chuncanxs,Chuncanxs,,,Mendoza;Argentina,Mendoza;Argentina,Fanzine,Fanzine,Chuncanxs,Chuncanxs,,,Mendoza;Argentina,Mendoza;Argentina,Fanzine,Fanzine,Tulane University - The Doris Z. Stone Latin American Library and Research Center,,,
anatomiaspanking,https://www.scribd.com/document/417968123/Anatomia-de-Un-Spanking-Kinky-Vibe-2017,Unknown,,,,,,,,,,,,,,,,,,,Tulane University - The Doris Z. Stone Latin American Library and Research Center,,,,,,,Anatomía de un Spanking,Anatomía de un Spanking,"According to the public access version of this document on Scribd, it was published in 2017 in Buenos Aires, Argentina. It includes several expressions in gender-inclusive Spanish utilizing different strategies, like the neomorpheme -x in ""nalgueadxr"" and ""nalgueadx,"" and gender-inclusive variations like ""la persona que está siendo nalgada"" [the person who is being spanked in the ass]. ",,Argentina,Argentina,Fanzine,Fanzine,Anatomía de un Spanking,Anatomía de un Spanking,"According to the public access version of this document on Scribd, it was published in 2017 in Buenos Aires, Argentina. It includes several expressions in gender-inclusive Spanish utilizing different strategies, like the neomorpheme -x in ""nalgueadxr"" and ""nalgueadx,"" and gender-inclusive variations like ""la persona que está siendo nalgada"" [the person who is being spanked in the ass]. ",,Argentina,Argentina,Fanzine,Fanzine,letra-x,Anatomía de un Spanking,Anatomía de un Spanking,"According to the public access version of this document on Scribd, it was published in 2017 in Buenos Aires, Argentina. It includes several expressions in gender-inclusive Spanish utilizing different strategies, like the neomorpheme -x in ""nalgueadxr"" and ""nalgueadx,"" and gender-inclusive variations like ""la persona que está siendo nalgada"" [the person who is being spanked in the ass]. ",,Argentina,Argentina,Fanzine,Fanzine,Anatomía de un Spanking,Anatomía de un Spanking,"According to the public access version of this document on Scribd, it was published in 2017 in Buenos Aires, Argentina. It includes several expressions in gender-inclusive Spanish utilizing different strategies, like the neomorpheme -x in ""nalgueadxr"" and ""nalgueadx,"" and gender-inclusive variations like ""la persona que está siendo nalgada"" [the person who is being spanked in the ass]. ",,Argentina,Argentina,Fanzine,Fanzine,Anatomía de un Spanking,Anatomía de un Spanking,"According to the public access version of this document on Scribd, it was published in 2017 in Buenos Aires, Argentina. It includes several expressions in gender-inclusive Spanish utilizing different strategies, like the neomorpheme -x in ""nalgueadxr"" and ""nalgueadx,"" and gender-inclusive variations like ""la persona que está siendo nalgada"" [the person who is being spanked in the ass]. ",,Argentina,Argentina,Fanzine,Fanzine,Anatomía de un Spanking,Anatomía de un Spanking,"According to the public access version of this document on Scribd, it was published in 2017 in Buenos Aires, Argentina. It includes several expressions in gender-inclusive Spanish utilizing different strategies, like the neomorpheme -x in ""nalgueadxr"" and ""nalgueadx,"" and gender-inclusive variations like ""la persona que está siendo nalgada"" [the person who is being spanked in the ass]. ",,Argentina,Argentina,Fanzine,Fanzine,,Anatomía de un Spanking,Anatomía de un Spanking,"According to the public access version of this document on Scribd, it was published in 2017 in Buenos Aires, Argentina. It includes several expressions in gender-inclusive Spanish utilizing different strategies, like the neomorpheme -x in ""nalgueadxr"" and ""nalgueadx,"" and gender-inclusive variations like ""la persona que está siendo nalgada"" [the person who is being spanked in the ass]. ",,Argentina,Argentina,Fanzine,Fanzine,Anatomía de un Spanking,Anatomía de un Spanking,"According to the public access version of this document on Scribd, it was published in 2017 in Buenos Aires, Argentina. It includes several expressions in gender-inclusive Spanish utilizing different strategies, like the neomorpheme -x in ""nalgueadxr"" and ""nalgueadx,"" and gender-inclusive variations like ""la persona que está siendo nalgada"" [the person who is being spanked in the ass]. ",,Argentina,Argentina,Fanzine,Fanzine,Tulane University - The Doris Z. Stone Latin American Library and Research Center,,,
coherenciazine,,La Libre Arte y Libros,2020,,,,,,,,,,,,,,,,,,Tulane University - The Doris Z. Stone Latin American Library and Research Center,,,,,,,Coherencia,Coherencia,"Published in September 2020, during the COVID-19 pandemic crisis, this zine utilizes the neomorpheme -x as in ""lx oprimidx"" to articula Paulo Freire's critical pedagogy framework to reflect on the role of education and the educators in social change. The use of gender-inclusive neomorphemes emphasizes that the gender of the oppressed and the educator cannot be defined in binary categories. The center of the zine contains a rift and the zine is printed in a black and white sheet of legal paper, front and back. ",,Argentina,Argentina,Fanzine,Fanzine,Coherencia,Coherencia,"Published in September 2020, during the COVID-19 pandemic crisis, this zine utilizes the neomorpheme -x as in ""lx oprimidx"" to articula Paulo Freire's critical pedagogy framework to reflect on the role of education and the educators in social change. The use of gender-inclusive neomorphemes emphasizes that the gender of the oppressed and the educator cannot be defined in binary categories. The center of the zine contains a rift and the zine is printed in a black and white sheet of legal paper, front and back. ",,Argentina,Argentina,Fanzine,Fanzine,letra-x,Coherencia,Coherencia,"Published in September 2020, during the COVID-19 pandemic crisis, this zine utilizes the neomorpheme -x as in ""lx oprimidx"" to articula Paulo Freire's critical pedagogy framework to reflect on the role of education and the educators in social change. The use of gender-inclusive neomorphemes emphasizes that the gender of the oppressed and the educator cannot be defined in binary categories. The center of the zine contains a rift and the zine is printed in a black and white sheet of legal paper, front and back. ",,Argentina,Argentina,Fanzine,Fanzine,Coherencia,Coherencia,"Published in September 2020, during the COVID-19 pandemic crisis, this zine utilizes the neomorpheme -x as in ""lx oprimidx"" to articula Paulo Freire's critical pedagogy framework to reflect on the role of education and the educators in social change. The use of gender-inclusive neomorphemes emphasizes that the gender of the oppressed and the educator cannot be defined in binary categories. The center of the zine contains a rift and the zine is printed in a black and white sheet of legal paper, front and back. ",,Argentina,Argentina,Fanzine,Fanzine,Coherencia,Coherencia,"Published in September 2020, during the COVID-19 pandemic crisis, this zine utilizes the neomorpheme -x as in ""lx oprimidx"" to articula Paulo Freire's critical pedagogy framework to reflect on the role of education and the educators in social change. The use of gender-inclusive neomorphemes emphasizes that the gender of the oppressed and the educator cannot be defined in binary categories. The center of the zine contains a rift and the zine is printed in a black and white sheet of legal paper, front and back. ",,Argentina,Argentina,Fanzine,Fanzine,Coherencia,Coherencia,"Published in September 2020, during the COVID-19 pandemic crisis, this zine utilizes the neomorpheme -x as in ""lx oprimidx"" to articula Paulo Freire's critical pedagogy framework to reflect on the role of education and the educators in social change. The use of gender-inclusive neomorphemes emphasizes that the gender of the oppressed and the educator cannot be defined in binary categories. The center of the zine contains a rift and the zine is printed in a black and white sheet of legal paper, front and back. ",,Argentina,Argentina,Fanzine,Fanzine,,Coherencia,Coherencia,"Published in September 2020, during the COVID-19 pandemic crisis, this zine utilizes the neomorpheme -x as in ""lx oprimidx"" to articula Paulo Freire's critical pedagogy framework to reflect on the role of education and the educators in social change. The use of gender-inclusive neomorphemes emphasizes that the gender of the oppressed and the educator cannot be defined in binary categories. The center of the zine contains a rift and the zine is printed in a black and white sheet of legal paper, front and back. ",,Argentina,Argentina,Fanzine,Fanzine,Coherencia,Coherencia,"Published in September 2020, during the COVID-19 pandemic crisis, this zine utilizes the neomorpheme -x as in ""lx oprimidx"" to articula Paulo Freire's critical pedagogy framework to reflect on the role of education and the educators in social change. The use of gender-inclusive neomorphemes emphasizes that the gender of the oppressed and the educator cannot be defined in binary categories. The center of the zine contains a rift and the zine is printed in a black and white sheet of legal paper, front and back. ",,Argentina,Argentina,Fanzine,Fanzine,Tulane University - The Doris Z. Stone Latin American Library and Research Center,,,
Putxxxs,https://www.facebook.com/zinebiosis/posts/pfbid0TpUQUjycidV8Nb1Hh2UspTKbvrg8womFF2DBySxEeHDzUASoXCdhRbHhw9JsQ9A8l,Profundo Ediciones;Muluk Fotografía,2017,,,,,,,,,,,,,,,,,,Tulane University - The Doris Z. Stone Latin American Library and Research Center,,,,,,,Putxxxs,Putxxxs,"2017 is an estimate of publication date. This features a poem and pictures taken between 2016 and 2017 of Argentinian sex workers. The document does not state explicitly the gender identity of the sex workers featured in the images. The images suggests the presence of cis women sex workers and transfeminine/marica/travesti sex workers, using the gender-inclusive neomorpheme -x to suggest a variety of gender identities within the category ""putx"" [whore]. The use of xxx intertwines the gender-inclusive neomorpheme -x with the internet tag xxx for pornography and sex-related websites. ",,Argentina,Argentina,Fanzine,Fanzine,Putxxxs,Putxxxs,"2017 is an estimate of publication date. This features a poem and pictures taken between 2016 and 2017 of Argentinian sex workers. The document does not state explicitly the gender identity of the sex workers featured in the images. The images suggests the presence of cis women sex workers and transfeminine/marica/travesti sex workers, using the gender-inclusive neomorpheme -x to suggest a variety of gender identities within the category ""putx"" [whore]. The use of xxx intertwines the gender-inclusive neomorpheme -x with the internet tag xxx for pornography and sex-related websites. ",,Argentina,Argentina,Fanzine,Fanzine,letra-x,Putxxxs,Putxxxs,"2017 is an estimate of publication date. This features a poem and pictures taken between 2016 and 2017 of Argentinian sex workers. The document does not state explicitly the gender identity of the sex workers featured in the images. The images suggests the presence of cis women sex workers and transfeminine/marica/travesti sex workers, using the gender-inclusive neomorpheme -x to suggest a variety of gender identities within the category ""putx"" [whore]. The use of xxx intertwines the gender-inclusive neomorpheme -x with the internet tag xxx for pornography and sex-related websites. ",,Argentina,Argentina,Fanzine,Fanzine,Putxxxs,Putxxxs,"2017 is an estimate of publication date. This features a poem and pictures taken between 2016 and 2017 of Argentinian sex workers. The document does not state explicitly the gender identity of the sex workers featured in the images. The images suggests the presence of cis women sex workers and transfeminine/marica/travesti sex workers, using the gender-inclusive neomorpheme -x to suggest a variety of gender identities within the category ""putx"" [whore]. The use of xxx intertwines the gender-inclusive neomorpheme -x with the internet tag xxx for pornography and sex-related websites. ",,Argentina,Argentina,Fanzine,Fanzine,Putxxxs,Putxxxs,"2017 is an estimate of publication date. This features a poem and pictures taken between 2016 and 2017 of Argentinian sex workers. The document does not state explicitly the gender identity of the sex workers featured in the images. The images suggests the presence of cis women sex workers and transfeminine/marica/travesti sex workers, using the gender-inclusive neomorpheme -x to suggest a variety of gender identities within the category ""putx"" [whore]. The use of xxx intertwines the gender-inclusive neomorpheme -x with the internet tag xxx for pornography and sex-related websites. ",,Argentina,Argentina,Fanzine,Fanzine,Putxxxs,Putxxxs,"2017 is an estimate of publication date. This features a poem and pictures taken between 2016 and 2017 of Argentinian sex workers. The document does not state explicitly the gender identity of the sex workers featured in the images. The images suggests the presence of cis women sex workers and transfeminine/marica/travesti sex workers, using the gender-inclusive neomorpheme -x to suggest a variety of gender identities within the category ""putx"" [whore]. The use of xxx intertwines the gender-inclusive neomorpheme -x with the internet tag xxx for pornography and sex-related websites. ",,Argentina,Argentina,Fanzine,Fanzine,,Putxxxs,Putxxxs,"2017 is an estimate of publication date. This features a poem and pictures taken between 2016 and 2017 of Argentinian sex workers. The document does not state explicitly the gender identity of the sex workers featured in the images. The images suggests the presence of cis women sex workers and transfeminine/marica/travesti sex workers, using the gender-inclusive neomorpheme -x to suggest a variety of gender identities within the category ""putx"" [whore]. The use of xxx intertwines the gender-inclusive neomorpheme -x with the internet tag xxx for pornography and sex-related websites. ",,Argentina,Argentina,Fanzine,Fanzine,Putxxxs,Putxxxs,"2017 is an estimate of publication date. This features a poem and pictures taken between 2016 and 2017 of Argentinian sex workers. The document does not state explicitly the gender identity of the sex workers featured in the images. The images suggests the presence of cis women sex workers and transfeminine/marica/travesti sex workers, using the gender-inclusive neomorpheme -x to suggest a variety of gender identities within the category ""putx"" [whore]. The use of xxx intertwines the gender-inclusive neomorpheme -x with the internet tag xxx for pornography and sex-related websites. ",,Argentina,Argentina,Fanzine,Fanzine,Tulane University - The Doris Z. Stone Latin American Library and Research Center,,,
breveantologiacuentosinfantilesprohibidos,,Livertà Ediciones,2018,,,,,,,,,,,,,,,,,,Tulane University - The Doris Z. Stone Latin American Library and Research Center,,,,,,,Breve Antología de Cuentos Infantiles Prohibidos en la Última Dictatura Militar Argentina,Breve Antología de Cuentos Infantiles Prohibidos en la Última Dictatura Militar Argentina,"This historical compilation of short stores that were censored during the Argentinian military dictatorship (1976-1983) includes gender-inclusive neomorpheme like -x in the foreword and introduction of the edition published in 2018. These more recent texts contrast with the 20th century texts in the text, as they include these neomorphemes. ",,Argentina,Argentina,Fanzine,Fanzine,Breve Antología de Cuentos Infantiles Prohibidos en la Última Dictatura Militar Argentina,Breve Antología de Cuentos Infantiles Prohibidos en la Última Dictatura Militar Argentina,"This historical compilation of short stores that were censored during the Argentinian military dictatorship (1976-1983) includes gender-inclusive neomorpheme like -x in the foreword and introduction of the edition published in 2018. These more recent texts contrast with the 20th century texts in the text, as they include these neomorphemes. ",,Argentina,Argentina,Fanzine,Fanzine,letra-x,Breve Antología de Cuentos Infantiles Prohibidos en la Última Dictatura Militar Argentina,Breve Antología de Cuentos Infantiles Prohibidos en la Última Dictatura Militar Argentina,"This historical compilation of short stores that were censored during the Argentinian military dictatorship (1976-1983) includes gender-inclusive neomorpheme like -x in the foreword and introduction of the edition published in 2018. These more recent texts contrast with the 20th century texts in the text, as they include these neomorphemes. ",,Argentina,Argentina,Fanzine,Fanzine,Breve Antología de Cuentos Infantiles Prohibidos en la Última Dictatura Militar Argentina,Breve Antología de Cuentos Infantiles Prohibidos en la Última Dictatura Militar Argentina,"This historical compilation of short stores that were censored during the Argentinian military dictatorship (1976-1983) includes gender-inclusive neomorpheme like -x in the foreword and introduction of the edition published in 2018. These more recent texts contrast with the 20th century texts in the text, as they include these neomorphemes. ",,Argentina,Argentina,Fanzine,Fanzine,Breve Antología de Cuentos Infantiles Prohibidos en la Última Dictatura Militar Argentina,Breve Antología de Cuentos Infantiles Prohibidos en la Última Dictatura Militar Argentina,"This historical compilation of short stores that were censored during the Argentinian military dictatorship (1976-1983) includes gender-inclusive neomorpheme like -x in the foreword and introduction of the edition published in 2018. These more recent texts contrast with the 20th century texts in the text, as they include these neomorphemes. ",,Argentina,Argentina,Fanzine,Fanzine,Breve Antología de Cuentos Infantiles Prohibidos en la Última Dictatura Militar Argentina,Breve Antología de Cuentos Infantiles Prohibidos en la Última Dictatura Militar Argentina,"This historical compilation of short stores that were censored during the Argentinian military dictatorship (1976-1983) includes gender-inclusive neomorpheme like -x in the foreword and introduction of the edition published in 2018. These more recent texts contrast with the 20th century texts in the text, as they include these neomorphemes. ",,Argentina,Argentina,Fanzine,Fanzine,,Breve Antología de Cuentos Infantiles Prohibidos en la Última Dictatura Militar Argentina,Breve Antología de Cuentos Infantiles Prohibidos en la Última Dictatura Militar Argentina,"This historical compilation of short stores that were censored during the Argentinian military dictatorship (1976-1983) includes gender-inclusive neomorpheme like -x in the foreword and introduction of the edition published in 2018. These more recent texts contrast with the 20th century texts in the text, as they include these neomorphemes. ",,Argentina,Argentina,Fanzine,Fanzine,Breve Antología de Cuentos Infantiles Prohibidos en la Última Dictatura Militar Argentina,Breve Antología de Cuentos Infantiles Prohibidos en la Última Dictatura Militar Argentina,"This historical compilation of short stores that were censored during the Argentinian military dictatorship (1976-1983) includes gender-inclusive neomorpheme like -x in the foreword and introduction of the edition published in 2018. These more recent texts contrast with the 20th century texts in the text, as they include these neomorphemes. ",,Argentina,Argentina,Fanzine,Fanzine,Tulane University - The Doris Z. Stone Latin American Library and Research Center,,,
notengofuerzaspararendirme,,Dystopica.org;@RevistaSimbiosisDos;MuseoCenizaGalaxia.wordpress.com;@JoseMiguelRaya,2019,,,,,,,,,,,,,,,,,,Tulane University - The Doris Z. Stone Latin American Library and Research Center,,,,,,,No tengo fuerzas para rendirme: Saberes desde la revuelta en Shile,No tengo fuerzas para rendirme: Saberes desde la revuelta en Shile,Utilizes gender-inclusive neomorpheme -x ,,Buenos Aires;Argentina,Buenos Aires;Argentina,Fanzine,Fanzine,No tengo fuerzas para rendirme: Saberes desde la revuelta en Shile,No tengo fuerzas para rendirme: Saberes desde la revuelta en Shile,Utilizes gender-inclusive neomorpheme -x ,,Buenos Aires;Argentina,Buenos Aires;Argentina,Fanzine,Fanzine,letra-x,No tengo fuerzas para rendirme: Saberes desde la revuelta en Shile,No tengo fuerzas para rendirme: Saberes desde la revuelta en Shile,Utilizes gender-inclusive neomorpheme -x ,,Buenos Aires;Argentina,Buenos Aires;Argentina,Fanzine,Fanzine,No tengo fuerzas para rendirme: Saberes desde la revuelta en Shile,No tengo fuerzas para rendirme: Saberes desde la revuelta en Shile,Utilizes gender-inclusive neomorpheme -x ,,Buenos Aires;Argentina,Buenos Aires;Argentina,Fanzine,Fanzine,No tengo fuerzas para rendirme: Saberes desde la revuelta en Shile,No tengo fuerzas para rendirme: Saberes desde la revuelta en Shile,Utilizes gender-inclusive neomorpheme -x ,,Buenos Aires;Argentina,Buenos Aires;Argentina,Fanzine,Fanzine,No tengo fuerzas para rendirme: Saberes desde la revuelta en Shile,No tengo fuerzas para rendirme: Saberes desde la revuelta en Shile,Utilizes gender-inclusive neomorpheme -x ,,Buenos Aires;Argentina,Buenos Aires;Argentina,Fanzine,Fanzine,,No tengo fuerzas para rendirme: Saberes desde la revuelta en Shile,No tengo fuerzas para rendirme: Saberes desde la revuelta en Shile,Utilizes gender-inclusive neomorpheme -x ,,Buenos Aires;Argentina,Buenos Aires;Argentina,Fanzine,Fanzine,No tengo fuerzas para rendirme: Saberes desde la revuelta en Shile,No tengo fuerzas para rendirme: Saberes desde la revuelta en Shile,Utilizes gender-inclusive neomorpheme -x ,,Buenos Aires;Argentina,Buenos Aires;Argentina,Fanzine,Fanzine,Tulane University - The Doris Z. Stone Latin American Library and Research Center,,,
extranasnoches2,,Ediciones Frenéticos Danzantes;Marina Klein,2016,,,,,,,,,,,,,,,,,,Tulane University - The Doris Z. Stone Latin American Library and Research Center,,,,,,,"Extrañas Noches: Revista de Literatura Visceral (Año 1, No 2)","Extrañas Noches: Revista de Literatura Visceral (Año 1, No 2)","This volume features the text ""kumbia i anarkia"" by Nicolás Lupo, where the author writes to mimic the phonetic resemblence of the Argentinian spoken Spanish and internet abbreviations. When referring to the human animal (""lx animal umanx""), the author opts for using the neomorpheme -x to break the binary gendering effect of language. ",,Buenos Aires;Argentina,Buenos Aires;Argentina,Fanzine,Fanzine,"Extrañas Noches: Revista de Literatura Visceral (Año 1, No 2)","Extrañas Noches: Revista de Literatura Visceral (Año 1, No 2)","This volume features the text ""kumbia i anarkia"" by Nicolás Lupo, where the author writes to mimic the phonetic resemblence of the Argentinian spoken Spanish and internet abbreviations. When referring to the human animal (""lx animal umanx""), the author opts for using the neomorpheme -x to break the binary gendering effect of language. ",,Buenos Aires;Argentina,Buenos Aires;Argentina,Fanzine,Fanzine,letra-x,"Extrañas Noches: Revista de Literatura Visceral (Año 1, No 2)","Extrañas Noches: Revista de Literatura Visceral (Año 1, No 2)","This volume features the text ""kumbia i anarkia"" by Nicolás Lupo, where the author writes to mimic the phonetic resemblence of the Argentinian spoken Spanish and internet abbreviations. When referring to the human animal (""lx animal umanx""), the author opts for using the neomorpheme -x to break the binary gendering effect of language. ",,Buenos Aires;Argentina,Buenos Aires;Argentina,Fanzine,Fanzine,"Extrañas Noches: Revista de Literatura Visceral (Año 1, No 2)","Extrañas Noches: Revista de Literatura Visceral (Año 1, No 2)","This volume features the text ""kumbia i anarkia"" by Nicolás Lupo, where the author writes to mimic the phonetic resemblence of the Argentinian spoken Spanish and internet abbreviations. When referring to the human animal (""lx animal umanx""), the author opts for using the neomorpheme -x to break the binary gendering effect of language. ",,Buenos Aires;Argentina,Buenos Aires;Argentina,Fanzine,Fanzine,"Extrañas Noches: Revista de Literatura Visceral (Año 1, No 2)","Extrañas Noches: Revista de Literatura Visceral (Año 1, No 2)","This volume features the text ""kumbia i anarkia"" by Nicolás Lupo, where the author writes to mimic the phonetic resemblence of the Argentinian spoken Spanish and internet abbreviations. When referring to the human animal (""lx animal umanx""), the author opts for using the neomorpheme -x to break the binary gendering effect of language. ",,Buenos Aires;Argentina,Buenos Aires;Argentina,Fanzine,Fanzine,"Extrañas Noches: Revista de Literatura Visceral (Año 1, No 2)","Extrañas Noches: Revista de Literatura Visceral (Año 1, No 2)","This volume features the text ""kumbia i anarkia"" by Nicolás Lupo, where the author writes to mimic the phonetic resemblence of the Argentinian spoken Spanish and internet abbreviations. When referring to the human animal (""lx animal umanx""), the author opts for using the neomorpheme -x to break the binary gendering effect of language. ",,Buenos Aires;Argentina,Buenos Aires;Argentina,Fanzine,Fanzine,,"Extrañas Noches: Revista de Literatura Visceral (Año 1, No 2)","Extrañas Noches: Revista de Literatura Visceral (Año 1, No 2)","This volume features the text ""kumbia i anarkia"" by Nicolás Lupo, where the author writes to mimic the phonetic resemblence of the Argentinian spoken Spanish and internet abbreviations. When referring to the human animal (""lx animal umanx""), the author opts for using the neomorpheme -x to break the binary gendering effect of language. ",,Buenos Aires;Argentina,Buenos Aires;Argentina,Fanzine,Fanzine,"Extrañas Noches: Revista de Literatura Visceral (Año 1, No 2)","Extrañas Noches: Revista de Literatura Visceral (Año 1, No 2)","This volume features the text ""kumbia i anarkia"" by Nicolás Lupo, where the author writes to mimic the phonetic resemblence of the Argentinian spoken Spanish and internet abbreviations. When referring to the human animal (""lx animal umanx""), the author opts for using the neomorpheme -x to break the binary gendering effect of language. ",,Buenos Aires;Argentina,Buenos Aires;Argentina,Fanzine,Fanzine,Tulane University - The Doris Z. Stone Latin American Library and Research Center,,,
extranasnoches3,,Ediciones Frenéticos Danzantes;Marina Klein,2016,,,,,,,,,,,,,,,,,,Tulane University - The Doris Z. Stone Latin American Library and Research Center,,,,,,,"Extrañas Noches: Revista de Literatura Visceral (Año 1, No 3)","Extrañas Noches: Revista de Literatura Visceral (Año 1, No 3)","This volume features the text ""kumbia i anarkia 1.2,"" a continuation of previous essays published by Nicolás Lupo in throughout the different editions of the zine. In the text, Lupo writes to mimic the phonetic resemblence of the Argentinian spoken Spanish and internet abbreviations. Gendered prepositions, pronouns, nouns, and adjectives are written in gender-inclusive Spanish through the use of the neomorpheme -x. ",,Argentina,Argentina,Fanzine,Fanzine,"Extrañas Noches: Revista de Literatura Visceral (Año 1, No 3)","Extrañas Noches: Revista de Literatura Visceral (Año 1, No 3)","This volume features the text ""kumbia i anarkia 1.2,"" a continuation of previous essays published by Nicolás Lupo in throughout the different editions of the zine. In the text, Lupo writes to mimic the phonetic resemblence of the Argentinian spoken Spanish and internet abbreviations. Gendered prepositions, pronouns, nouns, and adjectives are written in gender-inclusive Spanish through the use of the neomorpheme -x. ",,Argentina,Argentina,Fanzine,Fanzine,letra-x,"Extrañas Noches: Revista de Literatura Visceral (Año 1, No 3)","Extrañas Noches: Revista de Literatura Visceral (Año 1, No 3)","This volume features the text ""kumbia i anarkia 1.2,"" a continuation of previous essays published by Nicolás Lupo in throughout the different editions of the zine. In the text, Lupo writes to mimic the phonetic resemblence of the Argentinian spoken Spanish and internet abbreviations. Gendered prepositions, pronouns, nouns, and adjectives are written in gender-inclusive Spanish through the use of the neomorpheme -x. ",,Argentina,Argentina,Fanzine,Fanzine,"Extrañas Noches: Revista de Literatura Visceral (Año 1, No 3)","Extrañas Noches: Revista de Literatura Visceral (Año 1, No 3)","This volume features the text ""kumbia i anarkia 1.2,"" a continuation of previous essays published by Nicolás Lupo in throughout the different editions of the zine. In the text, Lupo writes to mimic the phonetic resemblence of the Argentinian spoken Spanish and internet abbreviations. Gendered prepositions, pronouns, nouns, and adjectives are written in gender-inclusive Spanish through the use of the neomorpheme -x. ",,Argentina,Argentina,Fanzine,Fanzine,"Extrañas Noches: Revista de Literatura Visceral (Año 1, No 3)","Extrañas Noches: Revista de Literatura Visceral (Año 1, No 3)","This volume features the text ""kumbia i anarkia 1.2,"" a continuation of previous essays published by Nicolás Lupo in throughout the different editions of the zine. In the text, Lupo writes to mimic the phonetic resemblence of the Argentinian spoken Spanish and internet abbreviations. Gendered prepositions, pronouns, nouns, and adjectives are written in gender-inclusive Spanish through the use of the neomorpheme -x. ",,Argentina,Argentina,Fanzine,Fanzine,"Extrañas Noches: Revista de Literatura Visceral (Año 1, No 3)","Extrañas Noches: Revista de Literatura Visceral (Año 1, No 3)","This volume features the text ""kumbia i anarkia 1.2,"" a continuation of previous essays published by Nicolás Lupo in throughout the different editions of the zine. In the text, Lupo writes to mimic the phonetic resemblence of the Argentinian spoken Spanish and internet abbreviations. Gendered prepositions, pronouns, nouns, and adjectives are written in gender-inclusive Spanish through the use of the neomorpheme -x. ",,Argentina,Argentina,Fanzine,Fanzine,,"Extrañas Noches: Revista de Literatura Visceral (Año 1, No 3)","Extrañas Noches: Revista de Literatura Visceral (Año 1, No 3)","This volume features the text ""kumbia i anarkia 1.2,"" a continuation of previous essays published by Nicolás Lupo in throughout the different editions of the zine. In the text, Lupo writes to mimic the phonetic resemblence of the Argentinian spoken Spanish and internet abbreviations. Gendered prepositions, pronouns, nouns, and adjectives are written in gender-inclusive Spanish through the use of the neomorpheme -x. ",,Argentina,Argentina,Fanzine,Fanzine,"Extrañas Noches: Revista de Literatura Visceral (Año 1, No 3)","Extrañas Noches: Revista de Literatura Visceral (Año 1, No 3)","This volume features the text ""kumbia i anarkia 1.2,"" a continuation of previous essays published by Nicolás Lupo in throughout the different editions of the zine. In the text, Lupo writes to mimic the phonetic resemblence of the Argentinian spoken Spanish and internet abbreviations. Gendered prepositions, pronouns, nouns, and adjectives are written in gender-inclusive Spanish through the use of the neomorpheme -x. ",,Argentina,Argentina,Fanzine,Fanzine,Tulane University - The Doris Z. Stone Latin American Library and Research Center,,,
extranasnoches4,,Ediciones Frenéticos Danzantes;Marina Klein,2017,,,,,,,,,,,,,,,,,,Tulane University - The Doris Z. Stone Latin American Library and Research Center,,,,,,,"Extrañas Noches: Revista de Literatura Visceral (Año 2, No 4)","Extrañas Noches: Revista de Literatura Visceral (Año 2, No 4)","This volume features the text ""kumbia i anarkia 1.3,"" a continuation of previous essays published by Nicolás Lupo in throughout the different editions of the zine. In the text, Lupo writes to mimic the phonetic resemblence of the Argentinian spoken Spanish and internet abbreviations. Gendered prepositions, pronouns, nouns, and adjectives are written in gender-inclusive Spanish through the use of the neomorpheme -x. ",,Argentina,Argentina,Fanzine,Fanzine,"Extrañas Noches: Revista de Literatura Visceral (Año 2, No 4)","Extrañas Noches: Revista de Literatura Visceral (Año 2, No 4)","This volume features the text ""kumbia i anarkia 1.3,"" a continuation of previous essays published by Nicolás Lupo in throughout the different editions of the zine. In the text, Lupo writes to mimic the phonetic resemblence of the Argentinian spoken Spanish and internet abbreviations. Gendered prepositions, pronouns, nouns, and adjectives are written in gender-inclusive Spanish through the use of the neomorpheme -x. ",,Argentina,Argentina,Fanzine,Fanzine,letra-x,"Extrañas Noches: Revista de Literatura Visceral (Año 2, No 4)","Extrañas Noches: Revista de Literatura Visceral (Año 2, No 4)","This volume features the text ""kumbia i anarkia 1.3,"" a continuation of previous essays published by Nicolás Lupo in throughout the different editions of the zine. In the text, Lupo writes to mimic the phonetic resemblence of the Argentinian spoken Spanish and internet abbreviations. Gendered prepositions, pronouns, nouns, and adjectives are written in gender-inclusive Spanish through the use of the neomorpheme -x. ",,Argentina,Argentina,Fanzine,Fanzine,"Extrañas Noches: Revista de Literatura Visceral (Año 2, No 4)","Extrañas Noches: Revista de Literatura Visceral (Año 2, No 4)","This volume features the text ""kumbia i anarkia 1.3,"" a continuation of previous essays published by Nicolás Lupo in throughout the different editions of the zine. In the text, Lupo writes to mimic the phonetic resemblence of the Argentinian spoken Spanish and internet abbreviations. Gendered prepositions, pronouns, nouns, and adjectives are written in gender-inclusive Spanish through the use of the neomorpheme -x. ",,Argentina,Argentina,Fanzine,Fanzine,"Extrañas Noches: Revista de Literatura Visceral (Año 2, No 4)","Extrañas Noches: Revista de Literatura Visceral (Año 2, No 4)","This volume features the text ""kumbia i anarkia 1.3,"" a continuation of previous essays published by Nicolás Lupo in throughout the different editions of the zine. In the text, Lupo writes to mimic the phonetic resemblence of the Argentinian spoken Spanish and internet abbreviations. Gendered prepositions, pronouns, nouns, and adjectives are written in gender-inclusive Spanish through the use of the neomorpheme -x. ",,Argentina,Argentina,Fanzine,Fanzine,"Extrañas Noches: Revista de Literatura Visceral (Año 2, No 4)","Extrañas Noches: Revista de Literatura Visceral (Año 2, No 4)","This volume features the text ""kumbia i anarkia 1.3,"" a continuation of previous essays published by Nicolás Lupo in throughout the different editions of the zine. In the text, Lupo writes to mimic the phonetic resemblence of the Argentinian spoken Spanish and internet abbreviations. Gendered prepositions, pronouns, nouns, and adjectives are written in gender-inclusive Spanish through the use of the neomorpheme -x. ",,Argentina,Argentina,Fanzine,Fanzine,,"Extrañas Noches: Revista de Literatura Visceral (Año 2, No 4)","Extrañas Noches: Revista de Literatura Visceral (Año 2, No 4)","This volume features the text ""kumbia i anarkia 1.3,"" a continuation of previous essays published by Nicolás Lupo in throughout the different editions of the zine. In the text, Lupo writes to mimic the phonetic resemblence of the Argentinian spoken Spanish and internet abbreviations. Gendered prepositions, pronouns, nouns, and adjectives are written in gender-inclusive Spanish through the use of the neomorpheme -x. ",,Argentina,Argentina,Fanzine,Fanzine,"Extrañas Noches: Revista de Literatura Visceral (Año 2, No 4)","Extrañas Noches: Revista de Literatura Visceral (Año 2, No 4)","This volume features the text ""kumbia i anarkia 1.3,"" a continuation of previous essays published by Nicolás Lupo in throughout the different editions of the zine. In the text, Lupo writes to mimic the phonetic resemblence of the Argentinian spoken Spanish and internet abbreviations. Gendered prepositions, pronouns, nouns, and adjectives are written in gender-inclusive Spanish through the use of the neomorpheme -x. ",,Argentina,Argentina,Fanzine,Fanzine,Tulane University - The Doris Z. Stone Latin American Library and Research Center,,,
Feroz2,,Feroz Fanzine,2017,,,,,,,,,,,,,,,,,,Tulane University - The Doris Z. Stone Latin American Library and Research Center,,,,,,,Feroz (No 2),Feroz (No 2),"Published approximately in 2017, this feminist zine features a page intertwining gender-inclusive Spanish written with the neomorphemes -x (e.g. ""algunx"") and -e (e.g. ""todes""), and the omission of gendered language as in ""el código es uno y es muy simple: el respeto por el deseo de cada quien que no se avasalla nunca bajo ninguna circunstancia."" ",,Argentina,Argentina,Fanzine,Fanzine,Feroz (No 2),Feroz (No 2),"Published approximately in 2017, this feminist zine features a page intertwining gender-inclusive Spanish written with the neomorphemes -x (e.g. ""algunx"") and -e (e.g. ""todes""), and the omission of gendered language as in ""el código es uno y es muy simple: el respeto por el deseo de cada quien que no se avasalla nunca bajo ninguna circunstancia."" ",,Argentina,Argentina,Fanzine,Fanzine,letra-x;letra-e,Feroz (No 2),Feroz (No 2),"Published approximately in 2017, this feminist zine features a page intertwining gender-inclusive Spanish written with the neomorphemes -x (e.g. ""algunx"") and -e (e.g. ""todes""), and the omission of gendered language as in ""el código es uno y es muy simple: el respeto por el deseo de cada quien que no se avasalla nunca bajo ninguna circunstancia."" ",,Argentina,Argentina,Fanzine,Fanzine,Feroz (No 2),Feroz (No 2),"Published approximately in 2017, this feminist zine features a page intertwining gender-inclusive Spanish written with the neomorphemes -x (e.g. ""algunx"") and -e (e.g. ""todes""), and the omission of gendered language as in ""el código es uno y es muy simple: el respeto por el deseo de cada quien que no se avasalla nunca bajo ninguna circunstancia."" ",,Argentina,Argentina,Fanzine,Fanzine,Feroz (No 2),Feroz (No 2),"Published approximately in 2017, this feminist zine features a page intertwining gender-inclusive Spanish written with the neomorphemes -x (e.g. ""algunx"") and -e (e.g. ""todes""), and the omission of gendered language as in ""el código es uno y es muy simple: el respeto por el deseo de cada quien que no se avasalla nunca bajo ninguna circunstancia."" ",,Argentina,Argentina,Fanzine,Fanzine,Feroz (No 2),Feroz (No 2),"Published approximately in 2017, this feminist zine features a page intertwining gender-inclusive Spanish written with the neomorphemes -x (e.g. ""algunx"") and -e (e.g. ""todes""), and the omission of gendered language as in ""el código es uno y es muy simple: el respeto por el deseo de cada quien que no se avasalla nunca bajo ninguna circunstancia."" ",,Argentina,Argentina,Fanzine,Fanzine,,Feroz (No 2),Feroz (No 2),"Published approximately in 2017, this feminist zine features a page intertwining gender-inclusive Spanish written with the neomorphemes -x (e.g. ""algunx"") and -e (e.g. ""todes""), and the omission of gendered language as in ""el código es uno y es muy simple: el respeto por el deseo de cada quien que no se avasalla nunca bajo ninguna circunstancia."" ",,Argentina,Argentina,Fanzine,Fanzine,Feroz (No 2),Feroz (No 2),"Published approximately in 2017, this feminist zine features a page intertwining gender-inclusive Spanish written with the neomorphemes -x (e.g. ""algunx"") and -e (e.g. ""todes""), and the omission of gendered language as in ""el código es uno y es muy simple: el respeto por el deseo de cada quien que no se avasalla nunca bajo ninguna circunstancia."" ",,Argentina,Argentina,Fanzine,Fanzine,Tulane University - The Doris Z. Stone Latin American Library and Research Center,,,
queeselsqurting,https://tienda.kinkyvibe.ar/productos/que-es-el-squirting-o-eyaculacion-vaginal-version-digital/,Kinky Vibe;Femimutancia,2019,,,,,,,,,,,,,,,,,,Tulane University - The Doris Z. Stone Latin American Library and Research Center,,,,,,,¿Qué es el Squirting? O Eyaculación Vaginal,¿Qué es el Squirting? O Eyaculación Vaginal,"Educational zine on squirting using the comic format. The comic depicts a group of characters talking about squirting, as one responds ""En realidad, no están tan equivocadxs."" The use of the gender-inclusive neomorpheme -x suggests that not all people with a vagina will go be a woman or go by feminine pronouns, as the interlocutors of the zine. ",,Argentina,Argentina,Fanzine,Fanzine,¿Qué es el Squirting? O Eyaculación Vaginal,¿Qué es el Squirting? O Eyaculación Vaginal,"Educational zine on squirting using the comic format. The comic depicts a group of characters talking about squirting, as one responds ""En realidad, no están tan equivocadxs."" The use of the gender-inclusive neomorpheme -x suggests that not all people with a vagina will go be a woman or go by feminine pronouns, as the interlocutors of the zine. ",,Argentina,Argentina,Fanzine,Fanzine,letra-x,¿Qué es el Squirting? O Eyaculación Vaginal,¿Qué es el Squirting? O Eyaculación Vaginal,"Educational zine on squirting using the comic format. The comic depicts a group of characters talking about squirting, as one responds ""En realidad, no están tan equivocadxs."" The use of the gender-inclusive neomorpheme -x suggests that not all people with a vagina will go be a woman or go by feminine pronouns, as the interlocutors of the zine. ",,Argentina,Argentina,Fanzine,Fanzine,¿Qué es el Squirting? O Eyaculación Vaginal,¿Qué es el Squirting? O Eyaculación Vaginal,"Educational zine on squirting using the comic format. The comic depicts a group of characters talking about squirting, as one responds ""En realidad, no están tan equivocadxs."" The use of the gender-inclusive neomorpheme -x suggests that not all people with a vagina will go be a woman or go by feminine pronouns, as the interlocutors of the zine. ",,Argentina,Argentina,Fanzine,Fanzine,¿Qué es el Squirting? O Eyaculación Vaginal,¿Qué es el Squirting? O Eyaculación Vaginal,"Educational zine on squirting using the comic format. The comic depicts a group of characters talking about squirting, as one responds ""En realidad, no están tan equivocadxs."" The use of the gender-inclusive neomorpheme -x suggests that not all people with a vagina will go be a woman or go by feminine pronouns, as the interlocutors of the zine. ",,Argentina,Argentina,Fanzine,Fanzine,¿Qué es el Squirting? O Eyaculación Vaginal,¿Qué es el Squirting? O Eyaculación Vaginal,"Educational zine on squirting using the comic format. The comic depicts a group of characters talking about squirting, as one responds ""En realidad, no están tan equivocadxs."" The use of the gender-inclusive neomorpheme -x suggests that not all people with a vagina will go be a woman or go by feminine pronouns, as the interlocutors of the zine. ",,Argentina,Argentina,Fanzine,Fanzine,,¿Qué es el Squirting? O Eyaculación Vaginal,¿Qué es el Squirting? O Eyaculación Vaginal,"Educational zine on squirting using the comic format. The comic depicts a group of characters talking about squirting, as one responds ""En realidad, no están tan equivocadxs."" The use of the gender-inclusive neomorpheme -x suggests that not all people with a vagina will go be a woman or go by feminine pronouns, as the interlocutors of the zine. ",,Argentina,Argentina,Fanzine,Fanzine,¿Qué es el Squirting? O Eyaculación Vaginal,¿Qué es el Squirting? O Eyaculación Vaginal,"Educational zine on squirting using the comic format. The comic depicts a group of characters talking about squirting, as one responds ""En realidad, no están tan equivocadxs."" The use of the gender-inclusive neomorpheme -x suggests that not all people with a vagina will go be a woman or go by feminine pronouns, as the interlocutors of the zine. ",,Argentina,Argentina,Fanzine,Fanzine,Tulane University - The Doris Z. Stone Latin American Library and Research Center,,,
asexualidadvol1,https://tienda.kinkyvibe.ar/productos/asexualidad-una-pequena-guia-volumen-1-version-digital/,Kinky Vibe;Tallarines con Tuco,2019,,,,,,,,,,,,,,,,,,Tulane University - The Doris Z. Stone Latin American Library and Research Center,,,,,,,Asexualidad: una pequeña guía (vol. 1),Asexualidad: una pequeña guía (vol. 1),"Educational zine on asexuality. Authors have utilized gender-inclusive neomorphemes like -x (e.g. ""nuestrxs invitadxs"") and regular spanish grammar (e.g. ""vínculo romántico con alguien"").",,Argentina,Argentina,Fanzine,Fanzine,Asexualidad: una pequeña guía (vol. 1),Asexualidad: una pequeña guía (vol. 1),"Educational zine on asexuality. Authors have utilized gender-inclusive neomorphemes like -x (e.g. ""nuestrxs invitadxs"") and regular spanish grammar (e.g. ""vínculo romántico con alguien"").",,Argentina,Argentina,Fanzine,Fanzine,letra-x,Asexualidad: una pequeña guía (vol. 1),Asexualidad: una pequeña guía (vol. 1),"Educational zine on asexuality. Authors have utilized gender-inclusive neomorphemes like -x (e.g. ""nuestrxs invitadxs"") and regular spanish grammar (e.g. ""vínculo romántico con alguien"").",,Argentina,Argentina,Fanzine,Fanzine,Asexualidad: una pequeña guía (vol. 1),Asexualidad: una pequeña guía (vol. 1),"Educational zine on asexuality. Authors have utilized gender-inclusive neomorphemes like -x (e.g. ""nuestrxs invitadxs"") and regular spanish grammar (e.g. ""vínculo romántico con alguien"").",,Argentina,Argentina,Fanzine,Fanzine,Asexualidad: una pequeña guía (vol. 1),Asexualidad: una pequeña guía (vol. 1),"Educational zine on asexuality. Authors have utilized gender-inclusive neomorphemes like -x (e.g. ""nuestrxs invitadxs"") and regular spanish grammar (e.g. ""vínculo romántico con alguien"").",,Argentina,Argentina,Fanzine,Fanzine,Asexualidad: una pequeña guía (vol. 1),Asexualidad: una pequeña guía (vol. 1),"Educational zine on asexuality. Authors have utilized gender-inclusive neomorphemes like -x (e.g. ""nuestrxs invitadxs"") and regular spanish grammar (e.g. ""vínculo romántico con alguien"").",,Argentina,Argentina,Fanzine,Fanzine,Indirect Non-Binary Language;Direct Non-Binary Language,Asexualidad: una pequeña guía (vol. 1),Asexualidad: una pequeña guía (vol. 1),"Educational zine on asexuality. Authors have utilized gender-inclusive neomorphemes like -x (e.g. ""nuestrxs invitadxs"") and regular spanish grammar (e.g. ""vínculo romántico con alguien"").",,Argentina,Argentina,Fanzine,Fanzine,Asexualidad: una pequeña guía (vol. 1),Asexualidad: una pequeña guía (vol. 1),"Educational zine on asexuality. Authors have utilized gender-inclusive neomorphemes like -x (e.g. ""nuestrxs invitadxs"") and regular spanish grammar (e.g. ""vínculo romántico con alguien"").",,Argentina,Argentina,Fanzine,Fanzine,Tulane University - The Doris Z. Stone Latin American Library and Research Center,,,
asexualidadvol2,https://tienda.kinkyvibe.ar/productos/asexualidad-una-pequena-guia-volumen-2-version-digital/,Kinky Vibe;Tallarines con Tuco,2019,,,,,,,,,,,,,,,,,,Tulane University - The Doris Z. Stone Latin American Library and Research Center,,,,,,,Asexualidad: una pequeña guía (vol. 2: preguntas frecuentes),Asexualidad: una pequeña guía (vol. 2: preguntas frecuentes),"Educational zine on asexuality. Authors have utilized gender-inclusive neomorphemes like -e (e.g. ""mi compañere"" p. 17) and regular spanish grammar (e.g. ""las personas ace"" in p. 8).",,Argentina,Argentina,Fanzine,Fanzine,Asexualidad: una pequeña guía (vol. 2: preguntas frecuentes),Asexualidad: una pequeña guía (vol. 2: preguntas frecuentes),"Educational zine on asexuality. Authors have utilized gender-inclusive neomorphemes like -e (e.g. ""mi compañere"" p. 17) and regular spanish grammar (e.g. ""las personas ace"" in p. 8).",,Argentina,Argentina,Fanzine,Fanzine,letra-e,Asexualidad: una pequeña guía (vol. 2: preguntas frecuentes),Asexualidad: una pequeña guía (vol. 2: preguntas frecuentes),"Educational zine on asexuality. Authors have utilized gender-inclusive neomorphemes like -e (e.g. ""mi compañere"" p. 17) and regular spanish grammar (e.g. ""las personas ace"" in p. 8).",,Argentina,Argentina,Fanzine,Fanzine,Asexualidad: una pequeña guía (vol. 2: preguntas frecuentes),Asexualidad: una pequeña guía (vol. 2: preguntas frecuentes),"Educational zine on asexuality. Authors have utilized gender-inclusive neomorphemes like -e (e.g. ""mi compañere"" p. 17) and regular spanish grammar (e.g. ""las personas ace"" in p. 8).",,Argentina,Argentina,Fanzine,Fanzine,Asexualidad: una pequeña guía (vol. 2: preguntas frecuentes),Asexualidad: una pequeña guía (vol. 2: preguntas frecuentes),"Educational zine on asexuality. Authors have utilized gender-inclusive neomorphemes like -e (e.g. ""mi compañere"" p. 17) and regular spanish grammar (e.g. ""las personas ace"" in p. 8).",,Argentina,Argentina,Fanzine,Fanzine,Asexualidad: una pequeña guía (vol. 2: preguntas frecuentes),Asexualidad: una pequeña guía (vol. 2: preguntas frecuentes),"Educational zine on asexuality. Authors have utilized gender-inclusive neomorphemes like -e (e.g. ""mi compañere"" p. 17) and regular spanish grammar (e.g. ""las personas ace"" in p. 8).",,Argentina,Argentina,Fanzine,Fanzine,,Asexualidad: una pequeña guía (vol. 2: preguntas frecuentes),Asexualidad: una pequeña guía (vol. 2: preguntas frecuentes),"Educational zine on asexuality. Authors have utilized gender-inclusive neomorphemes like -e (e.g. ""mi compañere"" p. 17) and regular spanish grammar (e.g. ""las personas ace"" in p. 8).",,Argentina,Argentina,Fanzine,Fanzine,Asexualidad: una pequeña guía (vol. 2: preguntas frecuentes),Asexualidad: una pequeña guía (vol. 2: preguntas frecuentes),"Educational zine on asexuality. Authors have utilized gender-inclusive neomorphemes like -e (e.g. ""mi compañere"" p. 17) and regular spanish grammar (e.g. ""las personas ace"" in p. 8).",,Argentina,Argentina,Fanzine,Fanzine,Tulane University - The Doris Z. Stone Latin American Library and Research Center,,,
sitocamosauno,https://sitocamosaunorespondentodos.wordpress.com/,,,,,,,,,,,,,,,,,,,,Tulane University - The Doris Z. Stone Latin American Library and Research Center,,,,,,,"Si tocamos a uno, responden todos: Herramientas de autodefensa feminista para desarticular la complicidad machista","Si tocamos a uno, responden todos: Herramientas de autodefensa feminista para desarticular la complicidad machista",,,Argentina,Argentina,Fanzine,Fanzine,"Si tocamos a uno, responden todos: Herramientas de autodefensa feminista para desarticular la complicidad machista","Si tocamos a uno, responden todos: Herramientas de autodefensa feminista para desarticular la complicidad machista",,,Argentina,Argentina,Fanzine,Fanzine,letra-x,"Si tocamos a uno, responden todos: Herramientas de autodefensa feminista para desarticular la complicidad machista","Si tocamos a uno, responden todos: Herramientas de autodefensa feminista para desarticular la complicidad machista",,,Argentina,Argentina,Fanzine,Fanzine,"Si tocamos a uno, responden todos: Herramientas de autodefensa feminista para desarticular la complicidad machista","Si tocamos a uno, responden todos: Herramientas de autodefensa feminista para desarticular la complicidad machista",,,Argentina,Argentina,Fanzine,Fanzine,"Si tocamos a uno, responden todos: Herramientas de autodefensa feminista para desarticular la complicidad machista","Si tocamos a uno, responden todos: Herramientas de autodefensa feminista para desarticular la complicidad machista",,,Argentina,Argentina,Fanzine,Fanzine,"Si tocamos a uno, responden todos: Herramientas de autodefensa feminista para desarticular la complicidad machista","Si tocamos a uno, responden todos: Herramientas de autodefensa feminista para desarticular la complicidad machista",,,Argentina,Argentina,Fanzine,Fanzine,,"Si tocamos a uno, responden todos: Herramientas de autodefensa feminista para desarticular la complicidad machista","Si tocamos a uno, responden todos: Herramientas de autodefensa feminista para desarticular la complicidad machista",,,Argentina,Argentina,Fanzine,Fanzine,"Si tocamos a uno, responden todos: Herramientas de autodefensa feminista para desarticular la complicidad machista","Si tocamos a uno, responden todos: Herramientas de autodefensa feminista para desarticular la complicidad machista",,,Argentina,Argentina,Fanzine,Fanzine,Tulane University - The Doris Z. Stone Latin American Library and Research Center,,,
brujxaborterx,,Fisiòn Ciruja,2020,,,,,,,,,,,,,,,,,,Tulane University - The Doris Z. Stone Latin American Library and Research Center,,,,,,,Brujx Aborterx Vagx y Drogadictx,Brujx Aborterx Vagx y Drogadictx,,,Buenos Aires;Argentina,Buenos Aires;Argentina,Fanzine,Fanzine,Brujx Aborterx Vagx y Drogadictx,Brujx Aborterx Vagx y Drogadictx,,,Buenos Aires;Argentina,Buenos Aires;Argentina,Fanzine,Fanzine,letra-x,Brujx Aborterx Vagx y Drogadictx,Brujx Aborterx Vagx y Drogadictx,,,Buenos Aires;Argentina,Buenos Aires;Argentina,Fanzine,Fanzine,Brujx Aborterx Vagx y Drogadictx,Brujx Aborterx Vagx y Drogadictx,,,Buenos Aires;Argentina,Buenos Aires;Argentina,Fanzine,Fanzine,Brujx Aborterx Vagx y Drogadictx,Brujx Aborterx Vagx y Drogadictx,,,Buenos Aires;Argentina,Buenos Aires;Argentina,Fanzine,Fanzine,Brujx Aborterx Vagx y Drogadictx,Brujx Aborterx Vagx y Drogadictx,,,Buenos Aires;Argentina,Buenos Aires;Argentina,Fanzine,Fanzine,,Brujx Aborterx Vagx y Drogadictx,Brujx Aborterx Vagx y Drogadictx,,,Buenos Aires;Argentina,Buenos Aires;Argentina,Fanzine,Fanzine,Brujx Aborterx Vagx y Drogadictx,Brujx Aborterx Vagx y Drogadictx,,,Buenos Aires;Argentina,Buenos Aires;Argentina,Fanzine,Fanzine,Tulane University - The Doris Z. Stone Latin American Library and Research Center,,,
humedxsyreventadxs,,Pablo García ,2019,,,,,,,,,,,,,,,,,,Tulane University - The Doris Z. Stone Latin American Library and Research Center,,,,,,,Húmedxs y Reventadxs,Húmedxs y Reventadxs,"Chapbook featuring Uruguayan poetry that uses both the neomorphemes -x (as ""reventadxs"" in the title) and -e (as in ""les amigues"" p. 6) to encompass gender-inclusive Spanish. Belongs to the MIS 15 folder in the Box 3. ",,Montevideo;Uruguay,Montevideo;Uruguay,Fanzine,Fanzine,Húmedxs y Reventadxs,Húmedxs y Reventadxs,"Chapbook featuring Uruguayan poetry that uses both the neomorphemes -x (as ""reventadxs"" in the title) and -e (as in ""les amigues"" p. 6) to encompass gender-inclusive Spanish. Belongs to the MIS 15 folder in the Box 3. ",,Montevideo;Uruguay,Montevideo;Uruguay,Fanzine,Fanzine,letra-x;letra-e,Húmedxs y Reventadxs,Húmedxs y Reventadxs,"Chapbook featuring Uruguayan poetry that uses both the neomorphemes -x (as ""reventadxs"" in the title) and -e (as in ""les amigues"" p. 6) to encompass gender-inclusive Spanish. Belongs to the MIS 15 folder in the Box 3. ",,Montevideo;Uruguay,Montevideo;Uruguay,Fanzine,Fanzine,Húmedxs y Reventadxs,Húmedxs y Reventadxs,"Chapbook featuring Uruguayan poetry that uses both the neomorphemes -x (as ""reventadxs"" in the title) and -e (as in ""les amigues"" p. 6) to encompass gender-inclusive Spanish. Belongs to the MIS 15 folder in the Box 3. ",,Montevideo;Uruguay,Montevideo;Uruguay,Fanzine,Fanzine,Húmedxs y Reventadxs,Húmedxs y Reventadxs,"Chapbook featuring Uruguayan poetry that uses both the neomorphemes -x (as ""reventadxs"" in the title) and -e (as in ""les amigues"" p. 6) to encompass gender-inclusive Spanish. Belongs to the MIS 15 folder in the Box 3. ",,Montevideo;Uruguay,Montevideo;Uruguay,Fanzine,Fanzine,Húmedxs y Reventadxs,Húmedxs y Reventadxs,"Chapbook featuring Uruguayan poetry that uses both the neomorphemes -x (as ""reventadxs"" in the title) and -e (as in ""les amigues"" p. 6) to encompass gender-inclusive Spanish. Belongs to the MIS 15 folder in the Box 3. ",,Montevideo;Uruguay,Montevideo;Uruguay,Fanzine,Fanzine,,Húmedxs y Reventadxs,Húmedxs y Reventadxs,"Chapbook featuring Uruguayan poetry that uses both the neomorphemes -x (as ""reventadxs"" in the title) and -e (as in ""les amigues"" p. 6) to encompass gender-inclusive Spanish. Belongs to the MIS 15 folder in the Box 3. ",,Montevideo;Uruguay,Montevideo;Uruguay,Fanzine,Fanzine,Húmedxs y Reventadxs,Húmedxs y Reventadxs,"Chapbook featuring Uruguayan poetry that uses both the neomorphemes -x (as ""reventadxs"" in the title) and -e (as in ""les amigues"" p. 6) to encompass gender-inclusive Spanish. Belongs to the MIS 15 folder in the Box 3. ",,Montevideo;Uruguay,Montevideo;Uruguay,Fanzine,Fanzine,Tulane University - The Doris Z. Stone Latin American Library and Research Center,,,
escuchaanarquista,https://edicioneslasocial.wordpress.com/wp-content/uploads/2017/04/escucha-anarquista1.pdf,Guadalupe Rivera,2016,,,,,,,,,,,,,,,,,,Tulane University - The Doris Z. Stone Latin American Library and Research Center,,,,,,,¡Escucha Anarquista! Despensando el Anarquismo desde el Tercer Mundo,¡Escucha Anarquista! Despensando el Anarquismo desde el Tercer Mundo,"Published by Ediciones La Social, this anarquist manifesto utilizes the gender-inclusive neomorpheme -x (e.g. ""como muchxs piensan"" in p. 17) to underscore that its subject cannot be encompassed by a normative gender binary. Box 2 Mex 43",,Mexico,Mexico,Fanzine,Fanzine,¡Escucha Anarquista! Despensando el Anarquismo desde el Tercer Mundo,¡Escucha Anarquista! Despensando el Anarquismo desde el Tercer Mundo,"Published by Ediciones La Social, this anarquist manifesto utilizes the gender-inclusive neomorpheme -x (e.g. ""como muchxs piensan"" in p. 17) to underscore that its subject cannot be encompassed by a normative gender binary. Box 2 Mex 43",,Mexico,Mexico,Fanzine,Fanzine,letra-x,¡Escucha Anarquista! Despensando el Anarquismo desde el Tercer Mundo,¡Escucha Anarquista! Despensando el Anarquismo desde el Tercer Mundo,"Published by Ediciones La Social, this anarquist manifesto utilizes the gender-inclusive neomorpheme -x (e.g. ""como muchxs piensan"" in p. 17) to underscore that its subject cannot be encompassed by a normative gender binary. Box 2 Mex 43",,Mexico,Mexico,Fanzine,Fanzine,¡Escucha Anarquista! Despensando el Anarquismo desde el Tercer Mundo,¡Escucha Anarquista! Despensando el Anarquismo desde el Tercer Mundo,"Published by Ediciones La Social, this anarquist manifesto utilizes the gender-inclusive neomorpheme -x (e.g. ""como muchxs piensan"" in p. 17) to underscore that its subject cannot be encompassed by a normative gender binary. Box 2 Mex 43",,Mexico,Mexico,Fanzine,Fanzine,¡Escucha Anarquista! Despensando el Anarquismo desde el Tercer Mundo,¡Escucha Anarquista! Despensando el Anarquismo desde el Tercer Mundo,"Published by Ediciones La Social, this anarquist manifesto utilizes the gender-inclusive neomorpheme -x (e.g. ""como muchxs piensan"" in p. 17) to underscore that its subject cannot be encompassed by a normative gender binary. Box 2 Mex 43",,Mexico,Mexico,Fanzine,Fanzine,¡Escucha Anarquista! Despensando el Anarquismo desde el Tercer Mundo,¡Escucha Anarquista! Despensando el Anarquismo desde el Tercer Mundo,"Published by Ediciones La Social, this anarquist manifesto utilizes the gender-inclusive neomorpheme -x (e.g. ""como muchxs piensan"" in p. 17) to underscore that its subject cannot be encompassed by a normative gender binary. Box 2 Mex 43",,Mexico,Mexico,Fanzine,Fanzine,,¡Escucha Anarquista! Despensando el Anarquismo desde el Tercer Mundo,¡Escucha Anarquista! Despensando el Anarquismo desde el Tercer Mundo,"Published by Ediciones La Social, this anarquist manifesto utilizes the gender-inclusive neomorpheme -x (e.g. ""como muchxs piensan"" in p. 17) to underscore that its subject cannot be encompassed by a normative gender binary. Box 2 Mex 43",,Mexico,Mexico,Fanzine,Fanzine,¡Escucha Anarquista! Despensando el Anarquismo desde el Tercer Mundo,¡Escucha Anarquista! Despensando el Anarquismo desde el Tercer Mundo,"Published by Ediciones La Social, this anarquist manifesto utilizes the gender-inclusive neomorpheme -x (e.g. ""como muchxs piensan"" in p. 17) to underscore that its subject cannot be encompassed by a normative gender binary. Box 2 Mex 43",,Mexico,Mexico,Fanzine,Fanzine,Tulane University - The Doris Z. Stone Latin American Library and Research Center,,,
eetsatom,,Yásnaya Elena Aguilar Gil,2018,,,,,,,,,,,,,,,,,,Tulane University - The Doris Z. Stone Latin American Library and Research Center,,,,,,,"Ëëts, atom: Algunos apuntos sobre la identidad indígena","Ëëts, atom: Algunos apuntos sobre la identidad indígena","The author opens the first essay of this zine evoking the gender-inclusive expression ""una persona."" The essay discusses about language without using any specific gendering suffix whenever approaching to people, using exclusively gender-inclusive terms like ""la persona"" or ""las personas"" (p. 4)",,Ciudad de México;Mexico,Ciudad de México;Mexico,Fanzine,Fanzine,"Ëëts, atom: Algunos apuntos sobre la identidad indígena","Ëëts, atom: Algunos apuntos sobre la identidad indígena","The author opens the first essay of this zine evoking the gender-inclusive expression ""una persona."" The essay discusses about language without using any specific gendering suffix whenever approaching to people, using exclusively gender-inclusive terms like ""la persona"" or ""las personas"" (p. 4)",,Ciudad de México;Mexico,Ciudad de México;Mexico,Fanzine,Fanzine,,"Ëëts, atom: Algunos apuntos sobre la identidad indígena","Ëëts, atom: Algunos apuntos sobre la identidad indígena","The author opens the first essay of this zine evoking the gender-inclusive expression ""una persona."" The essay discusses about language without using any specific gendering suffix whenever approaching to people, using exclusively gender-inclusive terms like ""la persona"" or ""las personas"" (p. 4)",,Ciudad de México;Mexico,Ciudad de México;Mexico,Fanzine,Fanzine,"Ëëts, atom: Algunos apuntos sobre la identidad indígena","Ëëts, atom: Algunos apuntos sobre la identidad indígena","The author opens the first essay of this zine evoking the gender-inclusive expression ""una persona."" The essay discusses about language without using any specific gendering suffix whenever approaching to people, using exclusively gender-inclusive terms like ""la persona"" or ""las personas"" (p. 4)",,Ciudad de México;Mexico,Ciudad de México;Mexico,Fanzine,Fanzine,"Ëëts, atom: Algunos apuntos sobre la identidad indígena","Ëëts, atom: Algunos apuntos sobre la identidad indígena","The author opens the first essay of this zine evoking the gender-inclusive expression ""una persona."" The essay discusses about language without using any specific gendering suffix whenever approaching to people, using exclusively gender-inclusive terms like ""la persona"" or ""las personas"" (p. 4)",,Ciudad de México;Mexico,Ciudad de México;Mexico,Fanzine,Fanzine,"Ëëts, atom: Algunos apuntos sobre la identidad indígena","Ëëts, atom: Algunos apuntos sobre la identidad indígena","The author opens the first essay of this zine evoking the gender-inclusive expression ""una persona."" The essay discusses about language without using any specific gendering suffix whenever approaching to people, using exclusively gender-inclusive terms like ""la persona"" or ""las personas"" (p. 4)",,Ciudad de México;Mexico,Ciudad de México;Mexico,Fanzine,Fanzine,Indirect Non-Binary Spanish,"Ëëts, atom: Algunos apuntos sobre la identidad indígena","Ëëts, atom: Algunos apuntos sobre la identidad indígena","The author opens the first essay of this zine evoking the gender-inclusive expression ""una persona."" The essay discusses about language without using any specific gendering suffix whenever approaching to people, using exclusively gender-inclusive terms like ""la persona"" or ""las personas"" (p. 4)",,Ciudad de México;Mexico,Ciudad de México;Mexico,Fanzine,Fanzine,"Ëëts, atom: Algunos apuntos sobre la identidad indígena","Ëëts, atom: Algunos apuntos sobre la identidad indígena","The author opens the first essay of this zine evoking the gender-inclusive expression ""una persona."" The essay discusses about language without using any specific gendering suffix whenever approaching to people, using exclusively gender-inclusive terms like ""la persona"" or ""las personas"" (p. 4)",,Ciudad de México;Mexico,Ciudad de México;Mexico,Fanzine,Fanzine,Tulane University - The Doris Z. Stone Latin American Library and Research Center,,,
lesbianario,https://www.somosvoces.com.mx/libro/lesbianario_12743,Andrea Fuego,2020,,,,,,,,,,,,,,,,,,Tulane University - The Doris Z. Stone Latin American Library and Research Center,,,,,,,Lesbianario,Lesbianario,"The author utilizes the gender-inclusive neomorpheme -x as in ""todxs"" and ""nosotrxs"" (n.p.)",,Mexico,Mexico,Fanzine,Fanzine,Lesbianario,Lesbianario,"The author utilizes the gender-inclusive neomorpheme -x as in ""todxs"" and ""nosotrxs"" (n.p.)",,Mexico,Mexico,Fanzine,Fanzine,letra-x,Lesbianario,Lesbianario,"The author utilizes the gender-inclusive neomorpheme -x as in ""todxs"" and ""nosotrxs"" (n.p.)",,Mexico,Mexico,Fanzine,Fanzine,Lesbianario,Lesbianario,"The author utilizes the gender-inclusive neomorpheme -x as in ""todxs"" and ""nosotrxs"" (n.p.)",,Mexico,Mexico,Fanzine,Fanzine,Lesbianario,Lesbianario,"The author utilizes the gender-inclusive neomorpheme -x as in ""todxs"" and ""nosotrxs"" (n.p.)",,Mexico,Mexico,Fanzine,Fanzine,Lesbianario,Lesbianario,"The author utilizes the gender-inclusive neomorpheme -x as in ""todxs"" and ""nosotrxs"" (n.p.)",,Mexico,Mexico,Fanzine,Fanzine,,Lesbianario,Lesbianario,"The author utilizes the gender-inclusive neomorpheme -x as in ""todxs"" and ""nosotrxs"" (n.p.)",,Mexico,Mexico,Fanzine,Fanzine,Lesbianario,Lesbianario,"The author utilizes the gender-inclusive neomorpheme -x as in ""todxs"" and ""nosotrxs"" (n.p.)",,Mexico,Mexico,Fanzine,Fanzine,Tulane University - The Doris Z. Stone Latin American Library and Research Center,,,
tibaduhuiini,,Miguel Toledo,2018,,,,,,,,,,,,,,,,,,Tulane University - The Doris Z. Stone Latin American Library and Research Center,,,,,,,Ti badu huiini rinií Diidxa Za: Una criaturita que habla Zapoteco,Ti badu huiini rinií Diidxa Za: Una criaturita que habla Zapoteco,"The author utilizes the gender-inclusive neomorpheme -e and -x to demonstrate how the grammatical gender system of Zapoteco is not commensurable with the binary grammatical gender system of Spanish. Therefore, several gendered words are written in Spanish with gender-inclusive neomorphemes.",,Valle de Meztli-Xico;Mexico,Valle de Meztli-Xico;Mexico,Fanzine,Fanzine,Ti badu huiini rinií Diidxa Za: Una criaturita que habla Zapoteco,Ti badu huiini rinií Diidxa Za: Una criaturita que habla Zapoteco,"The author utilizes the gender-inclusive neomorpheme -e and -x to demonstrate how the grammatical gender system of Zapoteco is not commensurable with the binary grammatical gender system of Spanish. Therefore, several gendered words are written in Spanish with gender-inclusive neomorphemes.",,Valle de Meztli-Xico;Mexico,Valle de Meztli-Xico;Mexico,Fanzine,Fanzine,letra-x,Ti badu huiini rinií Diidxa Za: Una criaturita que habla Zapoteco,Ti badu huiini rinií Diidxa Za: Una criaturita que habla Zapoteco,"The author utilizes the gender-inclusive neomorpheme -e and -x to demonstrate how the grammatical gender system of Zapoteco is not commensurable with the binary grammatical gender system of Spanish. Therefore, several gendered words are written in Spanish with gender-inclusive neomorphemes.",,Valle de Meztli-Xico;Mexico,Valle de Meztli-Xico;Mexico,Fanzine,Fanzine,Ti badu huiini rinií Diidxa Za: Una criaturita que habla Zapoteco,Ti badu huiini rinií Diidxa Za: Una criaturita que habla Zapoteco,"The author utilizes the gender-inclusive neomorpheme -e and -x to demonstrate how the grammatical gender system of Zapoteco is not commensurable with the binary grammatical gender system of Spanish. Therefore, several gendered words are written in Spanish with gender-inclusive neomorphemes.",,Valle de Meztli-Xico;Mexico,Valle de Meztli-Xico;Mexico,Fanzine,Fanzine,Ti badu huiini rinií Diidxa Za: Una criaturita que habla Zapoteco,Ti badu huiini rinií Diidxa Za: Una criaturita que habla Zapoteco,"The author utilizes the gender-inclusive neomorpheme -e and -x to demonstrate how the grammatical gender system of Zapoteco is not commensurable with the binary grammatical gender system of Spanish. Therefore, several gendered words are written in Spanish with gender-inclusive neomorphemes.",,Valle de Meztli-Xico;Mexico,Valle de Meztli-Xico;Mexico,Fanzine,Fanzine,Ti badu huiini rinií Diidxa Za: Una criaturita que habla Zapoteco,Ti badu huiini rinií Diidxa Za: Una criaturita que habla Zapoteco,"The author utilizes the gender-inclusive neomorpheme -e and -x to demonstrate how the grammatical gender system of Zapoteco is not commensurable with the binary grammatical gender system of Spanish. Therefore, several gendered words are written in Spanish with gender-inclusive neomorphemes.",,Valle de Meztli-Xico;Mexico,Valle de Meztli-Xico;Mexico,Fanzine,Fanzine,,Ti badu huiini rinií Diidxa Za: Una criaturita que habla Zapoteco,Ti badu huiini rinií Diidxa Za: Una criaturita que habla Zapoteco,"The author utilizes the gender-inclusive neomorpheme -e and -x to demonstrate how the grammatical gender system of Zapoteco is not commensurable with the binary grammatical gender system of Spanish. Therefore, several gendered words are written in Spanish with gender-inclusive neomorphemes.",,Valle de Meztli-Xico;Mexico,Valle de Meztli-Xico;Mexico,Fanzine,Fanzine,Ti badu huiini rinií Diidxa Za: Una criaturita que habla Zapoteco,Ti badu huiini rinií Diidxa Za: Una criaturita que habla Zapoteco,"The author utilizes the gender-inclusive neomorpheme -e and -x to demonstrate how the grammatical gender system of Zapoteco is not commensurable with the binary grammatical gender system of Spanish. Therefore, several gendered words are written in Spanish with gender-inclusive neomorphemes.",,Valle de Meztli-Xico;Mexico,Valle de Meztli-Xico;Mexico,Fanzine,Fanzine,Tulane University - The Doris Z. Stone Latin American Library and Research Center,,,
loukanitoylxsperrxs,,Loukanito y lxs Perrxs,2014,,,,,,,,,,,,,,,,,,Tulane University - The Doris Z. Stone Latin American Library and Research Center,,,,,,,Loukanito y lxs Perrxs,Loukanito y lxs Perrxs,"Self-titled music project that comes with a CD with the audio component and a chapbook contextualizing the work. This anarquist project includes several passages in which the gender-inclusive neomopheme -x is used, as in ""queremos nuestrxs amigxs subversivxs en las calles"" (p. 14). ",,Xalapa;Veracruz;Mexico,Xalapa;Veracruz;Mexico,Fanzine,Fanzine,Loukanito y lxs Perrxs,Loukanito y lxs Perrxs,"Self-titled music project that comes with a CD with the audio component and a chapbook contextualizing the work. This anarquist project includes several passages in which the gender-inclusive neomopheme -x is used, as in ""queremos nuestrxs amigxs subversivxs en las calles"" (p. 14). ",,Xalapa;Veracruz;Mexico,Xalapa;Veracruz;Mexico,Fanzine,Fanzine,letra-x,Loukanito y lxs Perrxs,Loukanito y lxs Perrxs,"Self-titled music project that comes with a CD with the audio component and a chapbook contextualizing the work. This anarquist project includes several passages in which the gender-inclusive neomopheme -x is used, as in ""queremos nuestrxs amigxs subversivxs en las calles"" (p. 14). ",,Xalapa;Veracruz;Mexico,Xalapa;Veracruz;Mexico,Fanzine,Fanzine,Loukanito y lxs Perrxs,Loukanito y lxs Perrxs,"Self-titled music project that comes with a CD with the audio component and a chapbook contextualizing the work. This anarquist project includes several passages in which the gender-inclusive neomopheme -x is used, as in ""queremos nuestrxs amigxs subversivxs en las calles"" (p. 14). ",,Xalapa;Veracruz;Mexico,Xalapa;Veracruz;Mexico,Fanzine,Fanzine,Loukanito y lxs Perrxs,Loukanito y lxs Perrxs,"Self-titled music project that comes with a CD with the audio component and a chapbook contextualizing the work. This anarquist project includes several passages in which the gender-inclusive neomopheme -x is used, as in ""queremos nuestrxs amigxs subversivxs en las calles"" (p. 14). ",,Xalapa;Veracruz;Mexico,Xalapa;Veracruz;Mexico,Fanzine,Fanzine,Loukanito y lxs Perrxs,Loukanito y lxs Perrxs,"Self-titled music project that comes with a CD with the audio component and a chapbook contextualizing the work. This anarquist project includes several passages in which the gender-inclusive neomopheme -x is used, as in ""queremos nuestrxs amigxs subversivxs en las calles"" (p. 14). ",,Xalapa;Veracruz;Mexico,Xalapa;Veracruz;Mexico,Fanzine,Fanzine,,Loukanito y lxs Perrxs,Loukanito y lxs Perrxs,"Self-titled music project that comes with a CD with the audio component and a chapbook contextualizing the work. This anarquist project includes several passages in which the gender-inclusive neomopheme -x is used, as in ""queremos nuestrxs amigxs subversivxs en las calles"" (p. 14). ",,Xalapa;Veracruz;Mexico,Xalapa;Veracruz;Mexico,Fanzine,Fanzine,Loukanito y lxs Perrxs,Loukanito y lxs Perrxs,"Self-titled music project that comes with a CD with the audio component and a chapbook contextualizing the work. This anarquist project includes several passages in which the gender-inclusive neomopheme -x is used, as in ""queremos nuestrxs amigxs subversivxs en las calles"" (p. 14). ",,Xalapa;Veracruz;Mexico,Xalapa;Veracruz;Mexico,Fanzine,Fanzine,Tulane University - The Doris Z. Stone Latin American Library and Research Center,,,
adacl,,Daniel Isaid V. F.;Pollopunk,,,,,,,,,,,,,,,,,,,Tulane University - The Doris Z. Stone Latin American Library and Research Center,,,,,,,Acción Directa Activismo Conciente Libertario #1,Acción Directa Activismo Conciente Libertario #1,"The author utilizes the gender-inclusive neomorpheme -@ in this anachist zine to play with the gender-inclusivity and in reference to the anarchist symbol. Publication date is unclear, estimated to be around 2013 since it refers to the use of hotmail (popular in the use of MSN messenger) and Facebook. ",,,,Fanzine,Fanzine,Acción Directa Activismo Conciente Libertario #1,Acción Directa Activismo Conciente Libertario #1,"The author utilizes the gender-inclusive neomorpheme -@ in this anachist zine to play with the gender-inclusivity and in reference to the anarchist symbol. Publication date is unclear, estimated to be around 2013 since it refers to the use of hotmail (popular in the use of MSN messenger) and Facebook. ",,,,Fanzine,Fanzine,arroba,Acción Directa Activismo Conciente Libertario #1,Acción Directa Activismo Conciente Libertario #1,"The author utilizes the gender-inclusive neomorpheme -@ in this anachist zine to play with the gender-inclusivity and in reference to the anarchist symbol. Publication date is unclear, estimated to be around 2013 since it refers to the use of hotmail (popular in the use of MSN messenger) and Facebook. ",,,,Fanzine,Fanzine,Acción Directa Activismo Conciente Libertario #1,Acción Directa Activismo Conciente Libertario #1,"The author utilizes the gender-inclusive neomorpheme -@ in this anachist zine to play with the gender-inclusivity and in reference to the anarchist symbol. Publication date is unclear, estimated to be around 2013 since it refers to the use of hotmail (popular in the use of MSN messenger) and Facebook. ",,,,Fanzine,Fanzine,Acción Directa Activismo Conciente Libertario #1,Acción Directa Activismo Conciente Libertario #1,"The author utilizes the gender-inclusive neomorpheme -@ in this anachist zine to play with the gender-inclusivity and in reference to the anarchist symbol. Publication date is unclear, estimated to be around 2013 since it refers to the use of hotmail (popular in the use of MSN messenger) and Facebook. ",,,,Fanzine,Fanzine,Acción Directa Activismo Conciente Libertario #1,Acción Directa Activismo Conciente Libertario #1,"The author utilizes the gender-inclusive neomorpheme -@ in this anachist zine to play with the gender-inclusivity and in reference to the anarchist symbol. Publication date is unclear, estimated to be around 2013 since it refers to the use of hotmail (popular in the use of MSN messenger) and Facebook. ",,,,Fanzine,Fanzine,,Acción Directa Activismo Conciente Libertario #1,Acción Directa Activismo Conciente Libertario #1,"The author utilizes the gender-inclusive neomorpheme -@ in this anachist zine to play with the gender-inclusivity and in reference to the anarchist symbol. Publication date is unclear, estimated to be around 2013 since it refers to the use of hotmail (popular in the use of MSN messenger) and Facebook. ",,,,Fanzine,Fanzine,Acción Directa Activismo Conciente Libertario #1,Acción Directa Activismo Conciente Libertario #1,"The author utilizes the gender-inclusive neomorpheme -@ in this anachist zine to play with the gender-inclusivity and in reference to the anarchist symbol. Publication date is unclear, estimated to be around 2013 since it refers to the use of hotmail (popular in the use of MSN messenger) and Facebook. ",,,,Fanzine,Fanzine,Tulane University - The Doris Z. Stone Latin American Library and Research Center,,,
Tulane63,,,2007,,,,,,,,,,,,,,,,,,Tulane University - The Doris Z. Stone Latin American Library and Research Center,,,,,,,Tres Flechas Fanzine (Noviembre 2007),Tres Flechas Fanzine (Noviembre 2007),This anarchist zine features the use of gender-inclusive language through the use of the gender-inclusive neomorpheme -@.,,,,Fanzine,Fanzine,Tres Flechas Fanzine (Noviembre 2007),Tres Flechas Fanzine (Noviembre 2007),This anarchist zine features the use of gender-inclusive language through the use of the gender-inclusive neomorpheme -@.,,,,Fanzine,Fanzine,arroba,Tres Flechas Fanzine (Noviembre 2007),Tres Flechas Fanzine (Noviembre 2007),This anarchist zine features the use of gender-inclusive language through the use of the gender-inclusive neomorpheme -@.,,,,Fanzine,Fanzine,Tres Flechas Fanzine (Noviembre 2007),Tres Flechas Fanzine (Noviembre 2007),This anarchist zine features the use of gender-inclusive language through the use of the gender-inclusive neomorpheme -@.,,,,Fanzine,Fanzine,Tres Flechas Fanzine (Noviembre 2007),Tres Flechas Fanzine (Noviembre 2007),This anarchist zine features the use of gender-inclusive language through the use of the gender-inclusive neomorpheme -@.,,,,Fanzine,Fanzine,Tres Flechas Fanzine (Noviembre 2007),Tres Flechas Fanzine (Noviembre 2007),This anarchist zine features the use of gender-inclusive language through the use of the gender-inclusive neomorpheme -@.,,,,Fanzine,Fanzine,,Tres Flechas Fanzine (Noviembre 2007),Tres Flechas Fanzine (Noviembre 2007),This anarchist zine features the use of gender-inclusive language through the use of the gender-inclusive neomorpheme -@.,,,,Fanzine,Fanzine,Tres Flechas Fanzine (Noviembre 2007),Tres Flechas Fanzine (Noviembre 2007),This anarchist zine features the use of gender-inclusive language through the use of the gender-inclusive neomorpheme -@.,,,,Fanzine,Fanzine,Tulane University - The Doris Z. Stone Latin American Library and Research Center,,,
Tulane64,,,2008,,,,,,,,,,,,,,,,,,Tulane University - The Doris Z. Stone Latin American Library and Research Center,,,,,,,Tres Flechas Fanzine (Marzo 2008),Tres Flechas Fanzine (Marzo 2008),,,,,Fanzine,Fanzine,Tres Flechas Fanzine (Marzo 2008),Tres Flechas Fanzine (Marzo 2008),,,,,Fanzine,Fanzine,arroba,Tres Flechas Fanzine (Marzo 2008),Tres Flechas Fanzine (Marzo 2008),,,,,Fanzine,Fanzine,Tres Flechas Fanzine (Marzo 2008),Tres Flechas Fanzine (Marzo 2008),,,,,Fanzine,Fanzine,Tres Flechas Fanzine (Marzo 2008),Tres Flechas Fanzine (Marzo 2008),,,,,Fanzine,Fanzine,Tres Flechas Fanzine (Marzo 2008),Tres Flechas Fanzine (Marzo 2008),,,,,Fanzine,Fanzine,,Tres Flechas Fanzine (Marzo 2008),Tres Flechas Fanzine (Marzo 2008),,,,,Fanzine,Fanzine,Tres Flechas Fanzine (Marzo 2008),Tres Flechas Fanzine (Marzo 2008),,,,,Fanzine,Fanzine,Tulane University - The Doris Z. Stone Latin American Library and Research Center,,,
Tulane65,,Periodico Independiente de Combate,2015,,,,,,,,,,,,,,,,,,Tulane University - The Doris Z. Stone Latin American Library and Research Center,,,,,,,"El Conero (No. 3, Primavera de 2015). ","El Conero (No. 3, Primavera de 2015). ",,,,,Fanzine,Fanzine,"El Conero (No. 3, Primavera de 2015). ","El Conero (No. 3, Primavera de 2015). ",,,,,Fanzine,Fanzine,letra-x,"El Conero (No. 3, Primavera de 2015). ","El Conero (No. 3, Primavera de 2015). ",,,,,Fanzine,Fanzine,"El Conero (No. 3, Primavera de 2015). ","El Conero (No. 3, Primavera de 2015). ",,,,,Fanzine,Fanzine,"El Conero (No. 3, Primavera de 2015). ","El Conero (No. 3, Primavera de 2015). ",,,,,Fanzine,Fanzine,"El Conero (No. 3, Primavera de 2015). ","El Conero (No. 3, Primavera de 2015). ",,,,,Fanzine,Fanzine,,"El Conero (No. 3, Primavera de 2015). ","El Conero (No. 3, Primavera de 2015). ",,,,,Fanzine,Fanzine,"El Conero (No. 3, Primavera de 2015). ","El Conero (No. 3, Primavera de 2015). ",,,,,Fanzine,Fanzine,Tulane University - The Doris Z. Stone Latin American Library and Research Center,,,
Tulane66,,Peggy Kornegger. Editorial Mariquita (transl.),,,,,,,,,,,,,,,,,,,Tulane University - The Doris Z. Stone Latin American Library and Research Center,,,,,,,Anarquismo: la conexión feminista. El anarquismo y el movimiento de las mujeres,Anarquismo: la conexión feminista. El anarquismo y el movimiento de las mujeres,"They utilize the gender-inclusive neomorpheme -x at the final part of the text, where they share greetings and instructions about the edition.",,Chile,Chile,Fanzine,Fanzine,Anarquismo: la conexión feminista. El anarquismo y el movimiento de las mujeres,Anarquismo: la conexión feminista. El anarquismo y el movimiento de las mujeres,"They utilize the gender-inclusive neomorpheme -x at the final part of the text, where they share greetings and instructions about the edition.",,Chile,Chile,Fanzine,Fanzine,letra-x,Anarquismo: la conexión feminista. El anarquismo y el movimiento de las mujeres,Anarquismo: la conexión feminista. El anarquismo y el movimiento de las mujeres,"They utilize the gender-inclusive neomorpheme -x at the final part of the text, where they share greetings and instructions about the edition.",,Chile,Chile,Fanzine,Fanzine,Anarquismo: la conexión feminista. El anarquismo y el movimiento de las mujeres,Anarquismo: la conexión feminista. El anarquismo y el movimiento de las mujeres,"They utilize the gender-inclusive neomorpheme -x at the final part of the text, where they share greetings and instructions about the edition.",,Chile,Chile,Fanzine,Fanzine,Anarquismo: la conexión feminista. El anarquismo y el movimiento de las mujeres,Anarquismo: la conexión feminista. El anarquismo y el movimiento de las mujeres,"They utilize the gender-inclusive neomorpheme -x at the final part of the text, where they share greetings and instructions about the edition.",,Chile,Chile,Fanzine,Fanzine,Anarquismo: la conexión feminista. El anarquismo y el movimiento de las mujeres,Anarquismo: la conexión feminista. El anarquismo y el movimiento de las mujeres,"They utilize the gender-inclusive neomorpheme -x at the final part of the text, where they share greetings and instructions about the edition.",,Chile,Chile,Fanzine,Fanzine,,Anarquismo: la conexión feminista. El anarquismo y el movimiento de las mujeres,Anarquismo: la conexión feminista. El anarquismo y el movimiento de las mujeres,"They utilize the gender-inclusive neomorpheme -x at the final part of the text, where they share greetings and instructions about the edition.",,Chile,Chile,Fanzine,Fanzine,Anarquismo: la conexión feminista. El anarquismo y el movimiento de las mujeres,Anarquismo: la conexión feminista. El anarquismo y el movimiento de las mujeres,"They utilize the gender-inclusive neomorpheme -x at the final part of the text, where they share greetings and instructions about the edition.",,Chile,Chile,Fanzine,Fanzine,Tulane University - The Doris Z. Stone Latin American Library and Research Center,,,
Tulane67,,Manada de Lobxs,,,,,,,,,,,,,,,,,,,Tulane University - The Doris Z. Stone Latin American Library and Research Center,,,,,,,"MANUAL DE DEFENSA para ""MUJERES"" y otras expresiones de GÉNERO NO HEGEMÓNICAS","MANUAL DE DEFENSA para ""MUJERES"" y otras expresiones de GÉNERO NO HEGEMÓNICAS","They utilize the gender-inclusive neomorpheme -x, as in ""amigx, desconocidx"" (p. 6).",,Chile,Chile,Fanzine,Fanzine,"MANUAL DE DEFENSA para ""MUJERES"" y otras expresiones de GÉNERO NO HEGEMÓNICAS","MANUAL DE DEFENSA para ""MUJERES"" y otras expresiones de GÉNERO NO HEGEMÓNICAS","They utilize the gender-inclusive neomorpheme -x, as in ""amigx, desconocidx"" (p. 6).",,Chile,Chile,Fanzine,Fanzine,letra-x,"MANUAL DE DEFENSA para ""MUJERES"" y otras expresiones de GÉNERO NO HEGEMÓNICAS","MANUAL DE DEFENSA para ""MUJERES"" y otras expresiones de GÉNERO NO HEGEMÓNICAS","They utilize the gender-inclusive neomorpheme -x, as in ""amigx, desconocidx"" (p. 6).",,Chile,Chile,Fanzine,Fanzine,"MANUAL DE DEFENSA para ""MUJERES"" y otras expresiones de GÉNERO NO HEGEMÓNICAS","MANUAL DE DEFENSA para ""MUJERES"" y otras expresiones de GÉNERO NO HEGEMÓNICAS","They utilize the gender-inclusive neomorpheme -x, as in ""amigx, desconocidx"" (p. 6).",,Chile,Chile,Fanzine,Fanzine,"MANUAL DE DEFENSA para ""MUJERES"" y otras expresiones de GÉNERO NO HEGEMÓNICAS","MANUAL DE DEFENSA para ""MUJERES"" y otras expresiones de GÉNERO NO HEGEMÓNICAS","They utilize the gender-inclusive neomorpheme -x, as in ""amigx, desconocidx"" (p. 6).",,Chile,Chile,Fanzine,Fanzine,"MANUAL DE DEFENSA para ""MUJERES"" y otras expresiones de GÉNERO NO HEGEMÓNICAS","MANUAL DE DEFENSA para ""MUJERES"" y otras expresiones de GÉNERO NO HEGEMÓNICAS","They utilize the gender-inclusive neomorpheme -x, as in ""amigx, desconocidx"" (p. 6).",,Chile,Chile,Fanzine,Fanzine,,"MANUAL DE DEFENSA para ""MUJERES"" y otras expresiones de GÉNERO NO HEGEMÓNICAS","MANUAL DE DEFENSA para ""MUJERES"" y otras expresiones de GÉNERO NO HEGEMÓNICAS","They utilize the gender-inclusive neomorpheme -x, as in ""amigx, desconocidx"" (p. 6).",,Chile,Chile,Fanzine,Fanzine,"MANUAL DE DEFENSA para ""MUJERES"" y otras expresiones de GÉNERO NO HEGEMÓNICAS","MANUAL DE DEFENSA para ""MUJERES"" y otras expresiones de GÉNERO NO HEGEMÓNICAS","They utilize the gender-inclusive neomorpheme -x, as in ""amigx, desconocidx"" (p. 6).",,Chile,Chile,Fanzine,Fanzine,Tulane University - The Doris Z. Stone Latin American Library and Research Center,,,
Tulane68,,,2019,,,,,,,,,,,,,,,,,,Tulane University - The Doris Z. Stone Latin American Library and Research Center,,,,,,,Huelga de Testículos: Responsabilidad sexual masculina y antinatalismo,Huelga de Testículos: Responsabilidad sexual masculina y antinatalismo,"They utilize the gender-inclusive neomorphemes -x, as in ""nosotrxs mismxs"" (p. 24), and -e, as in ""tener hijes"" (p. 35).",,Valle del Maipo;Chile,Valle del Maipo;Chile,Fanzine,Fanzine,Huelga de Testículos: Responsabilidad sexual masculina y antinatalismo,Huelga de Testículos: Responsabilidad sexual masculina y antinatalismo,"They utilize the gender-inclusive neomorphemes -x, as in ""nosotrxs mismxs"" (p. 24), and -e, as in ""tener hijes"" (p. 35).",,Valle del Maipo;Chile,Valle del Maipo;Chile,Fanzine,Fanzine,letra-x;letra-e,Huelga de Testículos: Responsabilidad sexual masculina y antinatalismo,Huelga de Testículos: Responsabilidad sexual masculina y antinatalismo,"They utilize the gender-inclusive neomorphemes -x, as in ""nosotrxs mismxs"" (p. 24), and -e, as in ""tener hijes"" (p. 35).",,Valle del Maipo;Chile,Valle del Maipo;Chile,Fanzine,Fanzine,Huelga de Testículos: Responsabilidad sexual masculina y antinatalismo,Huelga de Testículos: Responsabilidad sexual masculina y antinatalismo,"They utilize the gender-inclusive neomorphemes -x, as in ""nosotrxs mismxs"" (p. 24), and -e, as in ""tener hijes"" (p. 35).",,Valle del Maipo;Chile,Valle del Maipo;Chile,Fanzine,Fanzine,Huelga de Testículos: Responsabilidad sexual masculina y antinatalismo,Huelga de Testículos: Responsabilidad sexual masculina y antinatalismo,"They utilize the gender-inclusive neomorphemes -x, as in ""nosotrxs mismxs"" (p. 24), and -e, as in ""tener hijes"" (p. 35).",,Valle del Maipo;Chile,Valle del Maipo;Chile,Fanzine,Fanzine,Huelga de Testículos: Responsabilidad sexual masculina y antinatalismo,Huelga de Testículos: Responsabilidad sexual masculina y antinatalismo,"They utilize the gender-inclusive neomorphemes -x, as in ""nosotrxs mismxs"" (p. 24), and -e, as in ""tener hijes"" (p. 35).",,Valle del Maipo;Chile,Valle del Maipo;Chile,Fanzine,Fanzine,,Huelga de Testículos: Responsabilidad sexual masculina y antinatalismo,Huelga de Testículos: Responsabilidad sexual masculina y antinatalismo,"They utilize the gender-inclusive neomorphemes -x, as in ""nosotrxs mismxs"" (p. 24), and -e, as in ""tener hijes"" (p. 35).",,Valle del Maipo;Chile,Valle del Maipo;Chile,Fanzine,Fanzine,Huelga de Testículos: Responsabilidad sexual masculina y antinatalismo,Huelga de Testículos: Responsabilidad sexual masculina y antinatalismo,"They utilize the gender-inclusive neomorphemes -x, as in ""nosotrxs mismxs"" (p. 24), and -e, as in ""tener hijes"" (p. 35).",,Valle del Maipo;Chile,Valle del Maipo;Chile,Fanzine,Fanzine,Tulane University - The Doris Z. Stone Latin American Library and Research Center,,,
Tulane69,,,,,,,,,,,,,,,,,,,,,Tulane University - The Doris Z. Stone Latin American Library and Research Center,,,,,,,Perspectivas y Experiencias de Luchas Anarquicas Contra la I.I.R.S.A.,Perspectivas y Experiencias de Luchas Anarquicas Contra la I.I.R.S.A.,,,Chile,Chile,Fanzine,Fanzine,Perspectivas y Experiencias de Luchas Anarquicas Contra la I.I.R.S.A.,Perspectivas y Experiencias de Luchas Anarquicas Contra la I.I.R.S.A.,,,Chile,Chile,Fanzine,Fanzine,letra-x,Perspectivas y Experiencias de Luchas Anarquicas Contra la I.I.R.S.A.,Perspectivas y Experiencias de Luchas Anarquicas Contra la I.I.R.S.A.,,,Chile,Chile,Fanzine,Fanzine,Perspectivas y Experiencias de Luchas Anarquicas Contra la I.I.R.S.A.,Perspectivas y Experiencias de Luchas Anarquicas Contra la I.I.R.S.A.,,,Chile,Chile,Fanzine,Fanzine,Perspectivas y Experiencias de Luchas Anarquicas Contra la I.I.R.S.A.,Perspectivas y Experiencias de Luchas Anarquicas Contra la I.I.R.S.A.,,,Chile,Chile,Fanzine,Fanzine,Perspectivas y Experiencias de Luchas Anarquicas Contra la I.I.R.S.A.,Perspectivas y Experiencias de Luchas Anarquicas Contra la I.I.R.S.A.,,,Chile,Chile,Fanzine,Fanzine,,Perspectivas y Experiencias de Luchas Anarquicas Contra la I.I.R.S.A.,Perspectivas y Experiencias de Luchas Anarquicas Contra la I.I.R.S.A.,,,Chile,Chile,Fanzine,Fanzine,Perspectivas y Experiencias de Luchas Anarquicas Contra la I.I.R.S.A.,Perspectivas y Experiencias de Luchas Anarquicas Contra la I.I.R.S.A.,,,Chile,Chile,Fanzine,Fanzine,Tulane University - The Doris Z. Stone Latin American Library and Research Center,,,
Tulane70,,Coordinadora 18 de Octobre,2020,,,,,,,,,,,,,,,,,,Tulane University - The Doris Z. Stone Latin American Library and Research Center,,,,,,,Por la libertad de lxs presxs politicxs de la revuelta,Por la libertad de lxs presxs politicxs de la revuelta,,,Chile,Chile,Fanzine,Fanzine,Por la libertad de lxs presxs politicxs de la revuelta,Por la libertad de lxs presxs politicxs de la revuelta,,,Chile,Chile,Fanzine,Fanzine,letra-x,Por la libertad de lxs presxs politicxs de la revuelta,Por la libertad de lxs presxs politicxs de la revuelta,,,Chile,Chile,Fanzine,Fanzine,Por la libertad de lxs presxs politicxs de la revuelta,Por la libertad de lxs presxs politicxs de la revuelta,,,Chile,Chile,Fanzine,Fanzine,Por la libertad de lxs presxs politicxs de la revuelta,Por la libertad de lxs presxs politicxs de la revuelta,,,Chile,Chile,Fanzine,Fanzine,Por la libertad de lxs presxs politicxs de la revuelta,Por la libertad de lxs presxs politicxs de la revuelta,,,Chile,Chile,Fanzine,Fanzine,,Por la libertad de lxs presxs politicxs de la revuelta,Por la libertad de lxs presxs politicxs de la revuelta,,,Chile,Chile,Fanzine,Fanzine,Por la libertad de lxs presxs politicxs de la revuelta,Por la libertad de lxs presxs politicxs de la revuelta,,,Chile,Chile,Fanzine,Fanzine,Tulane University - The Doris Z. Stone Latin American Library and Research Center,,,
Tulane71,,,,,,,,,,,,,,,,,,,,,Tulane University - The Doris Z. Stone Latin American Library and Research Center,,,,,,,Recopilación de textos sobre ingresos en centros psiquiatricos: Ingresos Forzosos ,Recopilación de textos sobre ingresos en centros psiquiatricos: Ingresos Forzosos ,,,,,Fanzine,Fanzine,Recopilación de textos sobre ingresos en centros psiquiatricos: Ingresos Forzosos ,Recopilación de textos sobre ingresos en centros psiquiatricos: Ingresos Forzosos ,,,,,Fanzine,Fanzine,letra-x,Recopilación de textos sobre ingresos en centros psiquiatricos: Ingresos Forzosos ,Recopilación de textos sobre ingresos en centros psiquiatricos: Ingresos Forzosos ,,,,,Fanzine,Fanzine,Recopilación de textos sobre ingresos en centros psiquiatricos: Ingresos Forzosos ,Recopilación de textos sobre ingresos en centros psiquiatricos: Ingresos Forzosos ,,,,,Fanzine,Fanzine,Recopilación de textos sobre ingresos en centros psiquiatricos: Ingresos Forzosos ,Recopilación de textos sobre ingresos en centros psiquiatricos: Ingresos Forzosos ,,,,,Fanzine,Fanzine,Recopilación de textos sobre ingresos en centros psiquiatricos: Ingresos Forzosos ,Recopilación de textos sobre ingresos en centros psiquiatricos: Ingresos Forzosos ,,,,,Fanzine,Fanzine,,Recopilación de textos sobre ingresos en centros psiquiatricos: Ingresos Forzosos ,Recopilación de textos sobre ingresos en centros psiquiatricos: Ingresos Forzosos ,,,,,Fanzine,Fanzine,Recopilación de textos sobre ingresos en centros psiquiatricos: Ingresos Forzosos ,Recopilación de textos sobre ingresos en centros psiquiatricos: Ingresos Forzosos ,,,,,Fanzine,Fanzine,Tulane University - The Doris Z. Stone Latin American Library and Research Center,,,
Tulane72,,Kalinov Most,2020,,,,,,,,,,,,,,,,,,Tulane University - The Doris Z. Stone Latin American Library and Research Center,,,,,,,"Más de dos meses de revuelta contra el estado de Chile: Reudos balances, institivas proyecciones y permanentes negaciones","Más de dos meses de revuelta contra el estado de Chile: Reudos balances, institivas proyecciones y permanentes negaciones",,,Chile,Chile,Fanzine,Fanzine,"Más de dos meses de revuelta contra el estado de Chile: Reudos balances, institivas proyecciones y permanentes negaciones","Más de dos meses de revuelta contra el estado de Chile: Reudos balances, institivas proyecciones y permanentes negaciones",,,Chile,Chile,Fanzine,Fanzine,letra-x,"Más de dos meses de revuelta contra el estado de Chile: Reudos balances, institivas proyecciones y permanentes negaciones","Más de dos meses de revuelta contra el estado de Chile: Reudos balances, institivas proyecciones y permanentes negaciones",,,Chile,Chile,Fanzine,Fanzine,"Más de dos meses de revuelta contra el estado de Chile: Reudos balances, institivas proyecciones y permanentes negaciones","Más de dos meses de revuelta contra el estado de Chile: Reudos balances, institivas proyecciones y permanentes negaciones",,,Chile,Chile,Fanzine,Fanzine,"Más de dos meses de revuelta contra el estado de Chile: Reudos balances, institivas proyecciones y permanentes negaciones","Más de dos meses de revuelta contra el estado de Chile: Reudos balances, institivas proyecciones y permanentes negaciones",,,Chile,Chile,Fanzine,Fanzine,"Más de dos meses de revuelta contra el estado de Chile: Reudos balances, institivas proyecciones y permanentes negaciones","Más de dos meses de revuelta contra el estado de Chile: Reudos balances, institivas proyecciones y permanentes negaciones",,,Chile,Chile,Fanzine,Fanzine,,"Más de dos meses de revuelta contra el estado de Chile: Reudos balances, institivas proyecciones y permanentes negaciones","Más de dos meses de revuelta contra el estado de Chile: Reudos balances, institivas proyecciones y permanentes negaciones",,,Chile,Chile,Fanzine,Fanzine,"Más de dos meses de revuelta contra el estado de Chile: Reudos balances, institivas proyecciones y permanentes negaciones","Más de dos meses de revuelta contra el estado de Chile: Reudos balances, institivas proyecciones y permanentes negaciones",,,Chile,Chile,Fanzine,Fanzine,Tulane University - The Doris Z. Stone Latin American Library and Research Center,,,
Tulane73,,Guido Salinas;Sebastián Castro,,,,,,,,,,,,,,,,,,,Tulane University - The Doris Z. Stone Latin American Library and Research Center,,,,,,,Que no pare la revolución,Que no pare la revolución,,,likely Chile,likely Chile,Fanzine,Fanzine,Que no pare la revolución,Que no pare la revolución,,,likely Chile,likely Chile,Fanzine,Fanzine,arroba,Que no pare la revolución,Que no pare la revolución,,,likely Chile,likely Chile,Fanzine,Fanzine,Que no pare la revolución,Que no pare la revolución,,,likely Chile,likely Chile,Fanzine,Fanzine,Que no pare la revolución,Que no pare la revolución,,,likely Chile,likely Chile,Fanzine,Fanzine,Que no pare la revolución,Que no pare la revolución,,,likely Chile,likely Chile,Fanzine,Fanzine,,Que no pare la revolución,Que no pare la revolución,,,likely Chile,likely Chile,Fanzine,Fanzine,Que no pare la revolución,Que no pare la revolución,,,likely Chile,likely Chile,Fanzine,Fanzine,Tulane University - The Doris Z. Stone Latin American Library and Research Center,,,
Tulane74,,Carlos Daniel Mo,,,,,,,,,,,,,,,,,,,Tulane University - The Doris Z. Stone Latin American Library and Research Center,,,,,,,Carlos Daniel es una joven bruja,Carlos Daniel es una joven bruja,,,Mexico,Mexico,Fanzine,Fanzine,Carlos Daniel es una joven bruja,Carlos Daniel es una joven bruja,,,Mexico,Mexico,Fanzine,Fanzine,_i,Carlos Daniel es una joven bruja,Carlos Daniel es una joven bruja,,,Mexico,Mexico,Fanzine,Fanzine,Carlos Daniel es una joven bruja,Carlos Daniel es una joven bruja,,,Mexico,Mexico,Fanzine,Fanzine,Carlos Daniel es una joven bruja,Carlos Daniel es una joven bruja,,,Mexico,Mexico,Fanzine,Fanzine,Carlos Daniel es una joven bruja,Carlos Daniel es una joven bruja,,,Mexico,Mexico,Fanzine,Fanzine,,Carlos Daniel es una joven bruja,Carlos Daniel es una joven bruja,,,Mexico,Mexico,Fanzine,Fanzine,Carlos Daniel es una joven bruja,Carlos Daniel es una joven bruja,,,Mexico,Mexico,Fanzine,Fanzine,Tulane University - The Doris Z. Stone Latin American Library and Research Center,,,
Tulane75,,,,,,,,,,,,,,,,,,,,,Tulane University - The Doris Z. Stone Latin American Library and Research Center,,,,,,,Empazinar la mojarra,Empazinar la mojarra,"LNI, ",,Mexico,Mexico,Fanzine,Fanzine,Empazinar la mojarra,Empazinar la mojarra,"LNI, ",,Mexico,Mexico,Fanzine,Fanzine,letra-x;letra-e,Empazinar la mojarra,Empazinar la mojarra,"LNI, ",,Mexico,Mexico,Fanzine,Fanzine,Empazinar la mojarra,Empazinar la mojarra,"LNI, ",,Mexico,Mexico,Fanzine,Fanzine,Empazinar la mojarra,Empazinar la mojarra,"LNI, ",,Mexico,Mexico,Fanzine,Fanzine,Empazinar la mojarra,Empazinar la mojarra,"LNI, ",,Mexico,Mexico,Fanzine,Fanzine,,Empazinar la mojarra,Empazinar la mojarra,"LNI, ",,Mexico,Mexico,Fanzine,Fanzine,Empazinar la mojarra,Empazinar la mojarra,"LNI, ",,Mexico,Mexico,Fanzine,Fanzine,Tulane University - The Doris Z. Stone Latin American Library and Research Center,,,
Tulane76,,Paula Ya,,,,,,,,,,,,,,,,,,,Tulane University - The Doris Z. Stone Latin American Library and Research Center,,,,,,,"Xti Guendarannaxhii, Otra forma de amar","Xti Guendarannaxhii, Otra forma de amar","-x, translation of poems from an indigenous language to Spanish, used gender-inclusive Spanish neomorphemes to encompass the gender system from the original languiage",,Mexico,Mexico,Fanzine,Fanzine,"Xti Guendarannaxhii, Otra forma de amar","Xti Guendarannaxhii, Otra forma de amar","-x, translation of poems from an indigenous language to Spanish, used gender-inclusive Spanish neomorphemes to encompass the gender system from the original languiage",,Mexico,Mexico,Fanzine,Fanzine,letra-x,"Xti Guendarannaxhii, Otra forma de amar","Xti Guendarannaxhii, Otra forma de amar","-x, translation of poems from an indigenous language to Spanish, used gender-inclusive Spanish neomorphemes to encompass the gender system from the original languiage",,Mexico,Mexico,Fanzine,Fanzine,"Xti Guendarannaxhii, Otra forma de amar","Xti Guendarannaxhii, Otra forma de amar","-x, translation of poems from an indigenous language to Spanish, used gender-inclusive Spanish neomorphemes to encompass the gender system from the original languiage",,Mexico,Mexico,Fanzine,Fanzine,"Xti Guendarannaxhii, Otra forma de amar","Xti Guendarannaxhii, Otra forma de amar","-x, translation of poems from an indigenous language to Spanish, used gender-inclusive Spanish neomorphemes to encompass the gender system from the original languiage",,Mexico,Mexico,Fanzine,Fanzine,"Xti Guendarannaxhii, Otra forma de amar","Xti Guendarannaxhii, Otra forma de amar","-x, translation of poems from an indigenous language to Spanish, used gender-inclusive Spanish neomorphemes to encompass the gender system from the original languiage",,Mexico,Mexico,Fanzine,Fanzine,,"Xti Guendarannaxhii, Otra forma de amar","Xti Guendarannaxhii, Otra forma de amar","-x, translation of poems from an indigenous language to Spanish, used gender-inclusive Spanish neomorphemes to encompass the gender system from the original languiage",,Mexico,Mexico,Fanzine,Fanzine,"Xti Guendarannaxhii, Otra forma de amar","Xti Guendarannaxhii, Otra forma de amar","-x, translation of poems from an indigenous language to Spanish, used gender-inclusive Spanish neomorphemes to encompass the gender system from the original languiage",,Mexico,Mexico,Fanzine,Fanzine,Tulane University - The Doris Z. Stone Latin American Library and Research Center,,,
Tulane77,,,,,,,,,,,,,,,,,,,,,Tulane University - The Doris Z. Stone Latin American Library and Research Center,,,,,,,Consignas Feministas,Consignas Feministas,,,Mexico,Mexico,Fanzine,Fanzine,Consignas Feministas,Consignas Feministas,,,Mexico,Mexico,Fanzine,Fanzine,LNI,Consignas Feministas,Consignas Feministas,,,Mexico,Mexico,Fanzine,Fanzine,Consignas Feministas,Consignas Feministas,,,Mexico,Mexico,Fanzine,Fanzine,Consignas Feministas,Consignas Feministas,,,Mexico,Mexico,Fanzine,Fanzine,Consignas Feministas,Consignas Feministas,,,Mexico,Mexico,Fanzine,Fanzine,,Consignas Feministas,Consignas Feministas,,,Mexico,Mexico,Fanzine,Fanzine,Consignas Feministas,Consignas Feministas,,,Mexico,Mexico,Fanzine,Fanzine,Tulane University - The Doris Z. Stone Latin American Library and Research Center,,,
Tulane78,,Irhui P.,2013,,,,,,,,,,,,,,,,,,Tulane University - The Doris Z. Stone Latin American Library and Research Center,,,,,,,Vomito y Rabia #3,Vomito y Rabia #3,,,Mexico,Mexico,Fanzine,Fanzine,Vomito y Rabia #3,Vomito y Rabia #3,,,Mexico,Mexico,Fanzine,Fanzine,letra-x,Vomito y Rabia #3,Vomito y Rabia #3,,,Mexico,Mexico,Fanzine,Fanzine,Vomito y Rabia #3,Vomito y Rabia #3,,,Mexico,Mexico,Fanzine,Fanzine,Vomito y Rabia #3,Vomito y Rabia #3,,,Mexico,Mexico,Fanzine,Fanzine,Vomito y Rabia #3,Vomito y Rabia #3,,,Mexico,Mexico,Fanzine,Fanzine,,Vomito y Rabia #3,Vomito y Rabia #3,,,Mexico,Mexico,Fanzine,Fanzine,Vomito y Rabia #3,Vomito y Rabia #3,,,Mexico,Mexico,Fanzine,Fanzine,Tulane University - The Doris Z. Stone Latin American Library and Research Center,,,
Tulane79,,,,,,,,,,,,,,,,,,,,,Tulane University - The Doris Z. Stone Latin American Library and Research Center,,,,,,,Vomito y Rabia #2,Vomito y Rabia #2,,,Mexico,Mexico,Fanzine,Fanzine,Vomito y Rabia #2,Vomito y Rabia #2,,,Mexico,Mexico,Fanzine,Fanzine,,Vomito y Rabia #2,Vomito y Rabia #2,,,Mexico,Mexico,Fanzine,Fanzine,Vomito y Rabia #2,Vomito y Rabia #2,,,Mexico,Mexico,Fanzine,Fanzine,Vomito y Rabia #2,Vomito y Rabia #2,,,Mexico,Mexico,Fanzine,Fanzine,Vomito y Rabia #2,Vomito y Rabia #2,,,Mexico,Mexico,Fanzine,Fanzine,,Vomito y Rabia #2,Vomito y Rabia #2,,,Mexico,Mexico,Fanzine,Fanzine,Vomito y Rabia #2,Vomito y Rabia #2,,,Mexico,Mexico,Fanzine,Fanzine,Tulane University - The Doris Z. Stone Latin American Library and Research Center,,,
Tulane80,,Paula Yaa;Bidxiiña Yase;Ta Güero,,,,,,,,,,,,,,,,,,,Tulane University - The Doris Z. Stone Latin American Library and Research Center,,,,,,,"Diidxa ni dxandí xneza, Certeras palavras del camino","Diidxa ni dxandí xneza, Certeras palavras del camino",,,Mexico,Mexico,Fanzine,Fanzine,"Diidxa ni dxandí xneza, Certeras palavras del camino","Diidxa ni dxandí xneza, Certeras palavras del camino",,,Mexico,Mexico,Fanzine,Fanzine,LNI,"Diidxa ni dxandí xneza, Certeras palavras del camino","Diidxa ni dxandí xneza, Certeras palavras del camino",,,Mexico,Mexico,Fanzine,Fanzine,"Diidxa ni dxandí xneza, Certeras palavras del camino","Diidxa ni dxandí xneza, Certeras palavras del camino",,,Mexico,Mexico,Fanzine,Fanzine,"Diidxa ni dxandí xneza, Certeras palavras del camino","Diidxa ni dxandí xneza, Certeras palavras del camino",,,Mexico,Mexico,Fanzine,Fanzine,"Diidxa ni dxandí xneza, Certeras palavras del camino","Diidxa ni dxandí xneza, Certeras palavras del camino",,,Mexico,Mexico,Fanzine,Fanzine,,"Diidxa ni dxandí xneza, Certeras palavras del camino","Diidxa ni dxandí xneza, Certeras palavras del camino",,,Mexico,Mexico,Fanzine,Fanzine,"Diidxa ni dxandí xneza, Certeras palavras del camino","Diidxa ni dxandí xneza, Certeras palavras del camino",,,Mexico,Mexico,Fanzine,Fanzine,Tulane University - The Doris Z. Stone Latin American Library and Research Center,,,
Tulane81,,,2019,,,,,,,,,,,,,,,,,,Tulane University - The Doris Z. Stone Latin American Library and Research Center,,,,,,,bullicios de la montaña,bullicios de la montaña,,,Mexico,Mexico,Fanzine,Fanzine,bullicios de la montaña,bullicios de la montaña,,,Mexico,Mexico,Fanzine,Fanzine,letra-x,bullicios de la montaña,bullicios de la montaña,,,Mexico,Mexico,Fanzine,Fanzine,bullicios de la montaña,bullicios de la montaña,,,Mexico,Mexico,Fanzine,Fanzine,bullicios de la montaña,bullicios de la montaña,,,Mexico,Mexico,Fanzine,Fanzine,bullicios de la montaña,bullicios de la montaña,,,Mexico,Mexico,Fanzine,Fanzine,,bullicios de la montaña,bullicios de la montaña,,,Mexico,Mexico,Fanzine,Fanzine,bullicios de la montaña,bullicios de la montaña,,,Mexico,Mexico,Fanzine,Fanzine,Tulane University - The Doris Z. Stone Latin American Library and Research Center,,,
Tulane82,,Mario Morales;Sandro Brito;Jazael Olguín Zapata,2019,,,,,,,,,,,,,,,,,,Tulane University - The Doris Z. Stone Latin American Library and Research Center,,,,,,,Imaginación política: Encuentro Internacional,Imaginación política: Encuentro Internacional,,,Ciudad de Mexico;Mexico,Ciudad de Mexico;Mexico,Fanzine,Fanzine,Imaginación política: Encuentro Internacional,Imaginación política: Encuentro Internacional,,,Ciudad de Mexico;Mexico,Ciudad de Mexico;Mexico,Fanzine,Fanzine,letra-x,Imaginación política: Encuentro Internacional,Imaginación política: Encuentro Internacional,,,Ciudad de Mexico;Mexico,Ciudad de Mexico;Mexico,Fanzine,Fanzine,Imaginación política: Encuentro Internacional,Imaginación política: Encuentro Internacional,,,Ciudad de Mexico;Mexico,Ciudad de Mexico;Mexico,Fanzine,Fanzine,Imaginación política: Encuentro Internacional,Imaginación política: Encuentro Internacional,,,Ciudad de Mexico;Mexico,Ciudad de Mexico;Mexico,Fanzine,Fanzine,Imaginación política: Encuentro Internacional,Imaginación política: Encuentro Internacional,,,Ciudad de Mexico;Mexico,Ciudad de Mexico;Mexico,Fanzine,Fanzine,,Imaginación política: Encuentro Internacional,Imaginación política: Encuentro Internacional,,,Ciudad de Mexico;Mexico,Ciudad de Mexico;Mexico,Fanzine,Fanzine,Imaginación política: Encuentro Internacional,Imaginación política: Encuentro Internacional,,,Ciudad de Mexico;Mexico,Ciudad de Mexico;Mexico,Fanzine,Fanzine,Tulane University - The Doris Z. Stone Latin American Library and Research Center,,,
Tulane83,,Ana Milena Garzón;Hama Goro;Jazael Olguín Zapata;Malika Umarova;Marilyn Douala Bell; Molemo Moila;Rangoato Siempreotravez;Tania Ximenez;Inland,,,,,,,,,,,,,,,,,,,Tulane University - The Doris Z. Stone Latin American Library and Research Center,,,,,,,"Brújula y Puerto: Prácticas imaginativas, territorios en disputa","Brújula y Puerto: Prácticas imaginativas, territorios en disputa",,,Mexico,Mexico,Fanzine,Fanzine,"Brújula y Puerto: Prácticas imaginativas, territorios en disputa","Brújula y Puerto: Prácticas imaginativas, territorios en disputa",,,Mexico,Mexico,Fanzine,Fanzine,arroba,"Brújula y Puerto: Prácticas imaginativas, territorios en disputa","Brújula y Puerto: Prácticas imaginativas, territorios en disputa",,,Mexico,Mexico,Fanzine,Fanzine,"Brújula y Puerto: Prácticas imaginativas, territorios en disputa","Brújula y Puerto: Prácticas imaginativas, territorios en disputa",,,Mexico,Mexico,Fanzine,Fanzine,"Brújula y Puerto: Prácticas imaginativas, territorios en disputa","Brújula y Puerto: Prácticas imaginativas, territorios en disputa",,,Mexico,Mexico,Fanzine,Fanzine,"Brújula y Puerto: Prácticas imaginativas, territorios en disputa","Brújula y Puerto: Prácticas imaginativas, territorios en disputa",,,Mexico,Mexico,Fanzine,Fanzine,,"Brújula y Puerto: Prácticas imaginativas, territorios en disputa","Brújula y Puerto: Prácticas imaginativas, territorios en disputa",,,Mexico,Mexico,Fanzine,Fanzine,"Brújula y Puerto: Prácticas imaginativas, territorios en disputa","Brújula y Puerto: Prácticas imaginativas, territorios en disputa",,,Mexico,Mexico,Fanzine,Fanzine,Tulane University - The Doris Z. Stone Latin American Library and Research Center,,,
Tulane84,,,2018,,,,,,,,,,,,,,,,,,Tulane University - The Doris Z. Stone Latin American Library and Research Center,,,,,,,Resiste Pedal. Viajes en bicicleta,Resiste Pedal. Viajes en bicicleta,,,Mexico,Mexico,Fanzine,Fanzine,Resiste Pedal. Viajes en bicicleta,Resiste Pedal. Viajes en bicicleta,,,Mexico,Mexico,Fanzine,Fanzine,letra-x,Resiste Pedal. Viajes en bicicleta,Resiste Pedal. Viajes en bicicleta,,,Mexico,Mexico,Fanzine,Fanzine,Resiste Pedal. Viajes en bicicleta,Resiste Pedal. Viajes en bicicleta,,,Mexico,Mexico,Fanzine,Fanzine,Resiste Pedal. Viajes en bicicleta,Resiste Pedal. Viajes en bicicleta,,,Mexico,Mexico,Fanzine,Fanzine,Resiste Pedal. Viajes en bicicleta,Resiste Pedal. Viajes en bicicleta,,,Mexico,Mexico,Fanzine,Fanzine,,Resiste Pedal. Viajes en bicicleta,Resiste Pedal. Viajes en bicicleta,,,Mexico,Mexico,Fanzine,Fanzine,Resiste Pedal. Viajes en bicicleta,Resiste Pedal. Viajes en bicicleta,,,Mexico,Mexico,Fanzine,Fanzine,Tulane University - The Doris Z. Stone Latin American Library and Research Center,,,
Tulane85,,Marisol Rizo;Ita del Cielo,2018,,,,,,,,,,,,,,,,,,Tulane University - The Doris Z. Stone Latin American Library and Research Center,,,,,,,Como si me faltara una parte de mi cuerpo: La búsqueda de María Dolores Rizo,Como si me faltara una parte de mi cuerpo: La búsqueda de María Dolores Rizo,,,Puebla-Tacámac; México,Puebla-Tacámac; México,Fanzine,Fanzine,Como si me faltara una parte de mi cuerpo: La búsqueda de María Dolores Rizo,Como si me faltara una parte de mi cuerpo: La búsqueda de María Dolores Rizo,,,Puebla-Tacámac; México,Puebla-Tacámac; México,Fanzine,Fanzine,letra-x,Como si me faltara una parte de mi cuerpo: La búsqueda de María Dolores Rizo,Como si me faltara una parte de mi cuerpo: La búsqueda de María Dolores Rizo,,,Puebla-Tacámac; México,Puebla-Tacámac; México,Fanzine,Fanzine,Como si me faltara una parte de mi cuerpo: La búsqueda de María Dolores Rizo,Como si me faltara una parte de mi cuerpo: La búsqueda de María Dolores Rizo,,,Puebla-Tacámac; México,Puebla-Tacámac; México,Fanzine,Fanzine,Como si me faltara una parte de mi cuerpo: La búsqueda de María Dolores Rizo,Como si me faltara una parte de mi cuerpo: La búsqueda de María Dolores Rizo,,,Puebla-Tacámac; México,Puebla-Tacámac; México,Fanzine,Fanzine,Como si me faltara una parte de mi cuerpo: La búsqueda de María Dolores Rizo,Como si me faltara una parte de mi cuerpo: La búsqueda de María Dolores Rizo,,,Puebla-Tacámac; México,Puebla-Tacámac; México,Fanzine,Fanzine,,Como si me faltara una parte de mi cuerpo: La búsqueda de María Dolores Rizo,Como si me faltara una parte de mi cuerpo: La búsqueda de María Dolores Rizo,,,Puebla-Tacámac; México,Puebla-Tacámac; México,Fanzine,Fanzine,Como si me faltara una parte de mi cuerpo: La búsqueda de María Dolores Rizo,Como si me faltara una parte de mi cuerpo: La búsqueda de María Dolores Rizo,,,Puebla-Tacámac; México,Puebla-Tacámac; México,Fanzine,Fanzine,Tulane University - The Doris Z. Stone Latin American Library and Research Center,,,
Tulane86,,,2018,,,,,,,,,,,,,,,,,,Tulane University - The Doris Z. Stone Latin American Library and Research Center,,,,,,,No todo es la capuch@ ,No todo es la capuch@ ,,,Mexico,,Fanzine,Fanzine,No todo es la capuch@ ,No todo es la capuch@ ,,,Mexico,,Fanzine,Fanzine,arroba;letra-x,No todo es la capuch@ ,No todo es la capuch@ ,,,Mexico,,Fanzine,Fanzine,No todo es la capuch@ ,No todo es la capuch@ ,,,Mexico,,Fanzine,Fanzine,No todo es la capuch@ ,No todo es la capuch@ ,,,Mexico,,Fanzine,Fanzine,No todo es la capuch@ ,No todo es la capuch@ ,,,Mexico,,Fanzine,Fanzine,,No todo es la capuch@ ,No todo es la capuch@ ,,,Mexico,,Fanzine,Fanzine,No todo es la capuch@ ,No todo es la capuch@ ,,,Mexico,,Fanzine,Fanzine,Tulane University - The Doris Z. Stone Latin American Library and Research Center,,,
Tulane87,,,,,,,,,,,,,,,,,,,,,Tulane University - The Doris Z. Stone Latin American Library and Research Center,,,,,,,Ahora se abre una flor,Ahora se abre una flor,,,Mexico,Mexico,Fanzine,Fanzine,Ahora se abre una flor,Ahora se abre una flor,,,Mexico,Mexico,Fanzine,Fanzine,letra-x,Ahora se abre una flor,Ahora se abre una flor,,,Mexico,Mexico,Fanzine,Fanzine,Ahora se abre una flor,Ahora se abre una flor,,,Mexico,Mexico,Fanzine,Fanzine,Ahora se abre una flor,Ahora se abre una flor,,,Mexico,Mexico,Fanzine,Fanzine,Ahora se abre una flor,Ahora se abre una flor,,,Mexico,Mexico,Fanzine,Fanzine,,Ahora se abre una flor,Ahora se abre una flor,,,Mexico,Mexico,Fanzine,Fanzine,Ahora se abre una flor,Ahora se abre una flor,,,Mexico,Mexico,Fanzine,Fanzine,Tulane University - The Doris Z. Stone Latin American Library and Research Center,,,
Tulane88,,Manuel Tzoc;Fabrizio Quemé,2014,,,,,,,,,,,,,,,,,,Tulane University - The Doris Z. Stone Latin American Library and Research Center,,,,,,,Macha no. 2,Macha no. 2,,,Guatemala,Guatemala,Fanzine,Fanzine,Macha no. 2,Macha no. 2,,,Guatemala,Guatemala,Fanzine,Fanzine,letra-x;arroba,Macha no. 2,Macha no. 2,,,Guatemala,Guatemala,Fanzine,Fanzine,Macha no. 2,Macha no. 2,,,Guatemala,Guatemala,Fanzine,Fanzine,Macha no. 2,Macha no. 2,,,Guatemala,Guatemala,Fanzine,Fanzine,Macha no. 2,Macha no. 2,,,Guatemala,Guatemala,Fanzine,Fanzine,,Macha no. 2,Macha no. 2,,,Guatemala,Guatemala,Fanzine,Fanzine,Macha no. 2,Macha no. 2,,,Guatemala,Guatemala,Fanzine,Fanzine,Tulane University - The Doris Z. Stone Latin American Library and Research Center,,,
Tulane89,,Manuel Tzoc;Fabrizio Quemé,2015,,,,,,,,,,,,,,,,,,Tulane University - The Doris Z. Stone Latin American Library and Research Center,,,,,,,Macha no. 3,Macha no. 3,,,Guatemala,Guatemala,Fanzine,Fanzine,Macha no. 3,Macha no. 3,,,Guatemala,Guatemala,Fanzine,Fanzine,letra-x,Macha no. 3,Macha no. 3,,,Guatemala,Guatemala,Fanzine,Fanzine,Macha no. 3,Macha no. 3,,,Guatemala,Guatemala,Fanzine,Fanzine,Macha no. 3,Macha no. 3,,,Guatemala,Guatemala,Fanzine,Fanzine,Macha no. 3,Macha no. 3,,,Guatemala,Guatemala,Fanzine,Fanzine,,Macha no. 3,Macha no. 3,,,Guatemala,Guatemala,Fanzine,Fanzine,Macha no. 3,Macha no. 3,,,Guatemala,Guatemala,Fanzine,Fanzine,Tulane University - The Doris Z. Stone Latin American Library and Research Center,,,
Tulane90,,Danniela Güiza;Jhonny Jiménez;María Camila García Rivera;Alejandra Montero V.;Daniela Zuluaga;Emily Blanco,2022,,,,,,,,,,,,,,,,,,Tulane University - The Doris Z. Stone Latin American Library and Research Center,,,,,,,De ida,De ida,"LNI, X",,Bogotá;Colombia,Bogotá;Colombia,Fanzine,Fanzine,De ida,De ida,"LNI, X",,Bogotá;Colombia,Bogotá;Colombia,Fanzine,Fanzine,letra-x,De ida,De ida,"LNI, X",,Bogotá;Colombia,Bogotá;Colombia,Fanzine,Fanzine,De ida,De ida,"LNI, X",,Bogotá;Colombia,Bogotá;Colombia,Fanzine,Fanzine,De ida,De ida,"LNI, X",,Bogotá;Colombia,Bogotá;Colombia,Fanzine,Fanzine,De ida,De ida,"LNI, X",,Bogotá;Colombia,Bogotá;Colombia,Fanzine,Fanzine,,De ida,De ida,"LNI, X",,Bogotá;Colombia,Bogotá;Colombia,Fanzine,Fanzine,De ida,De ida,"LNI, X",,Bogotá;Colombia,Bogotá;Colombia,Fanzine,Fanzine,Tulane University - The Doris Z. Stone Latin American Library and Research Center,,,
Tulane91,,Emily Blanco;Paula Castañeda;Daniela Güiza;Sebastián Herrera;Jhonny Jiménez;Alejandra Montero;Daniela Zaluaga,2024,,,,,,,,,,,,,,,,,,Tulane University - The Doris Z. Stone Latin American Library and Research Center,,,,,,,Bestiario,Bestiario,"LNI, X",,Bogotá;Colombia,Bogotá;Colombia,Fanzine,Fanzine,Bestiario,Bestiario,"LNI, X",,Bogotá;Colombia,Bogotá;Colombia,Fanzine,Fanzine,letra-x,Bestiario,Bestiario,"LNI, X",,Bogotá;Colombia,Bogotá;Colombia,Fanzine,Fanzine,Bestiario,Bestiario,"LNI, X",,Bogotá;Colombia,Bogotá;Colombia,Fanzine,Fanzine,Bestiario,Bestiario,"LNI, X",,Bogotá;Colombia,Bogotá;Colombia,Fanzine,Fanzine,Bestiario,Bestiario,"LNI, X",,Bogotá;Colombia,Bogotá;Colombia,Fanzine,Fanzine,,Bestiario,Bestiario,"LNI, X",,Bogotá;Colombia,Bogotá;Colombia,Fanzine,Fanzine,Bestiario,Bestiario,"LNI, X",,Bogotá;Colombia,Bogotá;Colombia,Fanzine,Fanzine,Tulane University - The Doris Z. Stone Latin American Library and Research Center,,,
Tulane92,,Ana María Rodríguez;Sybil Lorena Sanabria;Carolina Romero,2024,,,,,,,,,,,,,,,,,,Tulane University - The Doris Z. Stone Latin American Library and Research Center,,,,,,,Las sindicadas: Historias desde abajo,Las sindicadas: Historias desde abajo,E,,Bogotá;Colombia,Bogotá;Colombia,Fanzine,Fanzine,Las sindicadas: Historias desde abajo,Las sindicadas: Historias desde abajo,E,,Bogotá;Colombia,Bogotá;Colombia,Fanzine,Fanzine,letra-e,Las sindicadas: Historias desde abajo,Las sindicadas: Historias desde abajo,E,,Bogotá;Colombia,Bogotá;Colombia,Fanzine,Fanzine,Las sindicadas: Historias desde abajo,Las sindicadas: Historias desde abajo,E,,Bogotá;Colombia,Bogotá;Colombia,Fanzine,Fanzine,Las sindicadas: Historias desde abajo,Las sindicadas: Historias desde abajo,E,,Bogotá;Colombia,Bogotá;Colombia,Fanzine,Fanzine,Las sindicadas: Historias desde abajo,Las sindicadas: Historias desde abajo,E,,Bogotá;Colombia,Bogotá;Colombia,Fanzine,Fanzine,,Las sindicadas: Historias desde abajo,Las sindicadas: Historias desde abajo,E,,Bogotá;Colombia,Bogotá;Colombia,Fanzine,Fanzine,Las sindicadas: Historias desde abajo,Las sindicadas: Historias desde abajo,E,,Bogotá;Colombia,Bogotá;Colombia,Fanzine,Fanzine,Tulane University - The Doris Z. Stone Latin American Library and Research Center,,,
Tulane93,,Alvi Moreno;Satizabal;Oli Tapias,2023,,,,,,,,,,,,,,,,,,Tulane University - The Doris Z. Stone Latin American Library and Research Center,,,,,,,Marikitas Neurocuir,Marikitas Neurocuir,E,,Colombia,Colombia,Fanzine,Fanzine,Marikitas Neurocuir,Marikitas Neurocuir,E,,Colombia,Colombia,Fanzine,Fanzine,letra-e,Marikitas Neurocuir,Marikitas Neurocuir,E,,Colombia,Colombia,Fanzine,Fanzine,Marikitas Neurocuir,Marikitas Neurocuir,E,,Colombia,Colombia,Fanzine,Fanzine,Marikitas Neurocuir,Marikitas Neurocuir,E,,Colombia,Colombia,Fanzine,Fanzine,Marikitas Neurocuir,Marikitas Neurocuir,E,,Colombia,Colombia,Fanzine,Fanzine,,Marikitas Neurocuir,Marikitas Neurocuir,E,,Colombia,Colombia,Fanzine,Fanzine,Marikitas Neurocuir,Marikitas Neurocuir,E,,Colombia,Colombia,Fanzine,Fanzine,Tulane University - The Doris Z. Stone Latin American Library and Research Center,,,
Tulane94,,,,,,,,,,,,,,,,,,,,,Tulane University - The Doris Z. Stone Latin American Library and Research Center,,,,,,,Club de Collage no. 2,Club de Collage no. 2,LNI,,Colombia,Colombia,Fanzine,Fanzine,Club de Collage no. 2,Club de Collage no. 2,LNI,,Colombia,Colombia,Fanzine,Fanzine,,Club de Collage no. 2,Club de Collage no. 2,LNI,,Colombia,Colombia,Fanzine,Fanzine,Club de Collage no. 2,Club de Collage no. 2,LNI,,Colombia,Colombia,Fanzine,Fanzine,Club de Collage no. 2,Club de Collage no. 2,LNI,,Colombia,Colombia,Fanzine,Fanzine,Club de Collage no. 2,Club de Collage no. 2,LNI,,Colombia,Colombia,Fanzine,Fanzine,,Club de Collage no. 2,Club de Collage no. 2,LNI,,Colombia,Colombia,Fanzine,Fanzine,Club de Collage no. 2,Club de Collage no. 2,LNI,,Colombia,Colombia,Fanzine,Fanzine,Tulane University - The Doris Z. Stone Latin American Library and Research Center,,,
Tulane95,,,2021,,,,,,,,,,,,,,,,,,Tulane University - The Doris Z. Stone Latin American Library and Research Center,,,,,,,Artisten sin curador,Artisten sin curador,e,,Colombia,Colombia,Fanzine,Fanzine,Artisten sin curador,Artisten sin curador,e,,Colombia,Colombia,Fanzine,Fanzine,letra-e,Artisten sin curador,Artisten sin curador,e,,Colombia,Colombia,Fanzine,Fanzine,Artisten sin curador,Artisten sin curador,e,,Colombia,Colombia,Fanzine,Fanzine,Artisten sin curador,Artisten sin curador,e,,Colombia,Colombia,Fanzine,Fanzine,Artisten sin curador,Artisten sin curador,e,,Colombia,Colombia,Fanzine,Fanzine,,Artisten sin curador,Artisten sin curador,e,,Colombia,Colombia,Fanzine,Fanzine,Artisten sin curador,Artisten sin curador,e,,Colombia,Colombia,Fanzine,Fanzine,Tulane University - The Doris Z. Stone Latin American Library and Research Center,,,
Tulane96,,alba moreu,,,,,,,,,,,,,,,,,,,Tulane University - The Doris Z. Stone Latin American Library and Research Center,,,,,,,dolores cotidianos,dolores cotidianos,(),,Colombia,Colombia,Fanzine,Fanzine,dolores cotidianos,dolores cotidianos,(),,Colombia,Colombia,Fanzine,Fanzine,,dolores cotidianos,dolores cotidianos,(),,Colombia,Colombia,Fanzine,Fanzine,dolores cotidianos,dolores cotidianos,(),,Colombia,Colombia,Fanzine,Fanzine,dolores cotidianos,dolores cotidianos,(),,Colombia,Colombia,Fanzine,Fanzine,dolores cotidianos,dolores cotidianos,(),,Colombia,Colombia,Fanzine,Fanzine,,dolores cotidianos,dolores cotidianos,(),,Colombia,Colombia,Fanzine,Fanzine,dolores cotidianos,dolores cotidianos,(),,Colombia,Colombia,Fanzine,Fanzine,Tulane University - The Doris Z. Stone Latin American Library and Research Center,,,
Tulane97,,,2021,,,,,,,,,,,,,,,,,,Tulane University - The Doris Z. Stone Latin American Library and Research Center,,,,,,,Quinta Línea,Quinta Línea,"x, e",,Colombia,Colombia,Fanzine,Fanzine,Quinta Línea,Quinta Línea,"x, e",,Colombia,Colombia,Fanzine,Fanzine,letra-e;letra-x,Quinta Línea,Quinta Línea,"x, e",,Colombia,Colombia,Fanzine,Fanzine,Quinta Línea,Quinta Línea,"x, e",,Colombia,Colombia,Fanzine,Fanzine,Quinta Línea,Quinta Línea,"x, e",,Colombia,Colombia,Fanzine,Fanzine,Quinta Línea,Quinta Línea,"x, e",,Colombia,Colombia,Fanzine,Fanzine,,Quinta Línea,Quinta Línea,"x, e",,Colombia,Colombia,Fanzine,Fanzine,Quinta Línea,Quinta Línea,"x, e",,Colombia,Colombia,Fanzine,Fanzine,Tulane University - The Doris Z. Stone Latin American Library and Research Center,,,
Tulane98,,Astrid Ávila;Cedric Cáceres;Camila Montaña;Juan Felipe Pérez,2020,,,,,,,,,,,,,,,,,,Tulane University - The Doris Z. Stone Latin American Library and Research Center,,,,,,,Lambucio,Lambucio,LNI,,Bogotá;Colombia,Bogotá;Colombia,Fanzine,Fanzine,Lambucio,Lambucio,LNI,,Bogotá;Colombia,Bogotá;Colombia,Fanzine,Fanzine,,Lambucio,Lambucio,LNI,,Bogotá;Colombia,Bogotá;Colombia,Fanzine,Fanzine,Lambucio,Lambucio,LNI,,Bogotá;Colombia,Bogotá;Colombia,Fanzine,Fanzine,Lambucio,Lambucio,LNI,,Bogotá;Colombia,Bogotá;Colombia,Fanzine,Fanzine,Lambucio,Lambucio,LNI,,Bogotá;Colombia,Bogotá;Colombia,Fanzine,Fanzine,,Lambucio,Lambucio,LNI,,Bogotá;Colombia,Bogotá;Colombia,Fanzine,Fanzine,Lambucio,Lambucio,LNI,,Bogotá;Colombia,Bogotá;Colombia,Fanzine,Fanzine,Tulane University - The Doris Z. Stone Latin American Library and Research Center,,,
